Sample ID,KWKAPE-1,,KWKAPE-2,,KWKAPE-3,,KWTHAL-1,,MCELBI-2,,MCKAPE-1,,MCKAPE-2,,MCKAPE-3,,MCKAPE-4,,MATHAL-1,,MATHAL-2,,MATHAL-4,,MATHAL-5,,MATHAL-8A,,UTTHAL-1A,,UTTHAL-2A,,UTTHAL-3A,,UTTHAL-4A,,ROGYUN-1A,,EBCHMI-3,,EBVALO-2,,EBVALO-3,,JAEPPO-1,,KWCHSO-1,,UTCHSO-1,,UTEPPO-1,,WOCHSO-2,,WOEPPO-1,,JALUGI-4,,JALUGI-5,,KWLUGI-1,,KWLUGI-2,,KWEPPO-1,,KWEPPO-2,,EBNALI-1,,EBCHMI-2,,MCLUGI-8,,UTEPPO-5,,UTEPPO-7,,WOLUGI-1,,WOEPPO-2,,MALUGI-2,,MALUGI-4,,MANALI-2,,MAEPPO-2,,MACHSO-1,,MACHSO-3,,MAACTR-1,,MAACTR-3,,MAACTR-4,,ROLUGI-3,,ROVALO-5,,ROCHSO-3,,UTNALI-5,,JANALI-1,,JANALI-2,,JANALI-4,,KWLUGI-5,,KWCHSO-5,,EBLUGI-3,,EBLUGI-5,,EBLUGI-6,,EBVALO-1,,MCLUGI-3,,WOLUGI-3,,WOCHSO-6,,MCEPPO-3,,MCEPPO-5,,ROVALO-3,,UTSASP-7,,UTNALI-4,,JAEPPO-4,,EBLUGI-10,,EBNALI-3,,UTCHSO-3,,UTACTR-6,,UTACTR-9,,WOLUGI-2,,WONALI-1,,WONALI-3,,MALUGI-1,,MANALI-4,,MAEPPO-5,,MACHSO-4,,RONALI-1,,RONALI-2,,ROACTR-10,,ROACTR-8,,UTLUGI-1,,UTNALI-1,,WOACTR-1,,JAGYUN-1,,JAGYUN-2,,JATHAL-3,,JATHAL-2,,JATHAL-1,,MCLUGI-2,,JACHMI-2,,KWEPPO-3,,KWNALI-5,,KWNALI-6,,EBPLLA-1,,EBCHMI-1 ,,MCLUGI-5,,WOACTR-1,,JALUGI-6,,JAEPPO-10,,JAACLI-7,,JAACLI-8,,JAACLI-9,,KWCHSO-3,,KWNALI-2,,EBNALI-2,,MCLUGI-9,,UTCHSO-2,,UTACTR-7,,WONALI-6,,WOEPPO-3,,WOCHSO-3,,WOACTR-4,,ROLUGI-1,,ROLUGI-5,,RONALI-10,,ROCHSO-2,,ROCHSO-8,,ROACTR-7,,UTLUGI-2,,JACHMI-6,,JAHILO-2,,MCEPPO-1,,MANALI-1,,MAEPPO-1,,EBLUBO-1,,EBSCRU-1,,MCEPPO-2,,ROEPPO-1,
Species,Katsuwonus pelamis,,Katsuwonus pelamis,,Katsuwonus pelamis,,Thunnus albacares,,Elagatis bipinnulata,,Katsuwonus pelamis,,Katsuwonus pelamis,,Katsuwonus pelamis,,Katsuwonus pelamis,,Thunnus albacares,,Thunnus albacares,,Thunnus albacares,,Thunnus albacares,,Thunnus albacares,,Thunnus albacares,,Thunnus albacares,,Thunnus albacares,,Thunnus albacares,,Gymnosarda unicolor,,Chlorurus microrhinos,,Variola louti,,Variola louti,,Epinephelus polyphekadion,,Chlorurus sordidus,,Chlorurus sordidus,,Epinephelus polyphekadion,,Chlorurus sordidus,,Epinephelus polyphekadion,,Lutjanus gibbus,,Lutjanus gibbus,,Lutjanus gibbus,,Lutjanus gibbus,,Epinephelus polyphekadion,,Epinephelus polyphekadion,,Naso lituratus,,Chlorurus microrhinos,,Lutjanus gibbus,,Epinephelus polyphekadion,,Epinephelus polyphekadion,,Lutjanus gibbus,,Epinephelus polyphekadion,,Lutjanus gibbus,,Lutjanus gibbus,,Naso lituratus,,Epinephelus polyphekadion,,Chlorurus sordidus,,Chlorurus sordidus,,Acanthurus triostegus,,Acanthurus triostegus,,Acanthurus triostegus,,Lutjanus gibbus,,Variola louti,,Chlorurus sordidus,,Naso lituratus,,Naso lituratus,,Naso lituratus,,Naso lituratus,,Lutjanus gibbus,,Chlorurus sordidus,,Lutjanus gibbus,,Lutjanus gibbus,,Lutjanus gibbus,,Variola louti,,Lutjanus gibbus,,Lutjanus gibbus,,Chlorurus sordidus,,Epinephelus polyphekadion,,Epinephelus polyphekadion,,Variola louti,,Sargocentron spiniferum,,Naso lituratus,,Epinephelus polyphekadion,,Lutjanus gibbus,,Naso lituratus,,Chlorurus sordidus,,Acanthurus triostegus,,Acanthurus triostegus,,Lutjanus gibbus,,Naso lituratus,,Naso lituratus,,Lutjanus gibbus,,#N/A,,Epinephelus polyphekadion,,Chlorurus sordidus,,Naso lituratus,,Naso lituratus,,Acanthurus triostegus,,Acanthurus triostegus,,Lutjanus gibbus,,Naso lituratus,,Acanthurus triostegus,,Gymnosarda unicolor,,Gymnosarda unicolor,,Thunnus albacares,,Thunnus albacares,,Thunnus albacares,,Lutjanus gibbus,,Chlorurus microrhinos,,Epinephelus polyphekadion,,Naso lituratus,,Naso lituratus,,Plectropomus laevis,,Chlorurus microrhinos,,Lutjanus gibbus,,Acanthurus triostegus,,Lutjanus gibbus,,Epinephelus polyphekadion,,Acanthurus lineatus,,Acanthurus lineatus,,Acanthurus lineatus,,Chlorurus sordidus,,Naso lituratus,,Naso lituratus,,Lutjanus gibbus,,Chlorurus sordidus,,Acanthurus triostegus,,Naso lituratus,,Epinephelus polyphekadion,,Chlorurus sordidus,,Acanthurus triostegus,,Lutjanus gibbus,,Lutjanus gibbus,,Naso lituratus,,Chlorurus sordidus,,Chlorurus sordidus,,Acanthurus triostegus,,Lutjanus gibbus,,Chlorurus microrhinos,,Hipposcarus longiceps,,Epinephelus polyphekadion,,Naso lituratus,,Epinephelus polyphekadion,,Lutjanus bohar,,Scarus rubroviolaceus,,Epinephelus polyphekadion,,Epinephelus polyphekadion,
PCB 1,0,U,0,U,0,U,0,U,0,U,0,U,0,U,0,U,0,U,0,U,0,U,0,U,0,U,0,U,0,U,0,U,0,U,0,U,0,U,0,U,0,U,0,U,0,U,0,U,0,U,0,U,0,U,0,U,0,U,0,U,0,U,0,U,0,U,0,U,0,U,0,U,0,U,0,U,0,U,0,U,0,U,0,U,0,U,0,U,0,U,0,U,0,U,0,U,0,U,0,U,0,U,0,U,0,U,0,U,0,U,0,U,0,U,0,U,0,U,0,U,0,U,0,U,0,U,0,U,0,U,0,U,0,U,0,U,0,U,0,U,0,U,0,U,0,U,0,U,0,U,0,U,0,U,0,U,0,U,0,U,0,U,0,U,0,U,0,U,0,U,0,U,0,U,0,U,0,U,0,U,0,U,0,U,0,U,0,U,0,U,0,U,0,U,0,U,0,U,0,U,0,U,0,U,0,U,0,U,0,U,0,U,0,U,0,U,0,U,0,U,0,U,0,U,0,U,0,U,0,U,0,U,0,U,0,U,0,U,0,U,0,U,0,U,0,U,0,U,0,U,0,U,0,U,0,U,0,U,0,U,0,U,0,U,0,U,0,U,0,U,0,U
PCB 2,0,U,0,U,0,U,0,U,0,U,0,U,0,U,0,U,0,U,0,U,0,U,0,U,0,U,0,U,0,U,0,U,0,U,0,U,0,U,0,U,0,U,0,U,0,U,0,U,0,U,0,U,0,U,0,U,0,U,0,U,0,U,0,U,0,U,0,U,0,U,0,U,0,U,0,U,0,U,0,U,0,U,0,U,0,U,0,U,0,U,0,U,0,U,0,U,0,U,0,U,0,U,0,U,0,U,0,U,0,U,0,U,0,U,0,U,0,U,0,U,0,U,0,U,0,U,0,U,0,U,0,U,0,U,0,U,0,U,0,U,0,U,0,U,0,U,0,U,0,U,0,U,0,U,0,U,0,U,0,U,0,U,0,U,0,U,0,U,0,U,0,U,0,U,0,U,0,U,0,U,0,U,0,U,0,U,0,U,0,U,0,U,0,U,0,U,0,U,0,U,0,U,0,U,0,U,0,U,0,U,0,U,0,U,0,U,0,U,0,U,0,U,0,U,0,U,0,U,0,U,0,U,0,U,0,U,0,U,0,U,0,U,0,U,0,U,0,U,0,U,0,U,0,U,0,U,0,U,0,U,0,U,0,U,0,U,0,U,0,U,0,U
PCB 3,0,U,0,U,0,U,0,U,0,U,0,U,0,U,0,U,0,U,0,U,0,U,0,U,0,U,0,U,0,U,0,U,0,U,0,U,0,U,0,U,0,U,0,U,0,U,0,U,0,U,0,U,0,U,0,U,0,U,0,U,0,U,0,U,0,U,0,U,0,U,0,U,0,U,0,U,0,U,0,U,0,U,0,U,0,U,0,U,0,U,0,U,0,U,0,U,0,U,0,U,0,U,0,U,0,U,0,U,0,U,0,U,0,U,0,U,0,U,0,U,0,U,0,U,0,U,0,U,0,U,0,U,0,U,0,U,0,U,0,U,0,U,0,U,0,U,0,U,0,U,0,U,0,U,0,U,0,U,0,U,0,U,0,U,0,U,0,U,0,U,0,U,0,U,0,U,0,U,0,U,0,U,0,U,0,U,0,U,0,U,0.73, ,0,U,0,U,0,U,0,U,0.85, ,0,U,0,U,0,U,0,U,0,U,0,U,0,U,0,U,0,U,0,U,0,U,0,U,0,U,0,U,0,U,0,U,0,U,0,U,0,U,0,U,0,U,0,U,0,U,0,U,0,U,0,U,0,U,0,U,0,U,0,U,0,U,0,U,0,U,0,U,0,U
PCB 4/10,0,U,0,U,0,U,0,U,0,U,0,U,0,U,0,U,0,U,0,U,0,U,0,U,0,U,0,U,0,U,0,U,0,U,0,U,0,U,0,U,0,U,0,U,0,U,0,U,0,U,0,U,0,U,0,U,0,U,0,U,0,U,0,U,0,U,0,U,0,U,0,U,0,U,0,U,0,U,0,U,0,U,0,U,0,U,0,U,0,U,0,U,0,U,0,U,0,U,0,U,0,U,0,U,0,U,0,U,0,U,0,U,0,U,0,U,0,U,0,U,0,U,0,U,0,U,0,U,0,U,0,U,0,U,0,U,0,U,0,U,0,U,0,U,0,U,0,U,0,U,0,U,0,U,0,U,0,U,0,U,0,U,0,U,0,U,0,U,0,U,0,U,0,U,0,U,0,U,0,U,0,U,0,U,0,U,0,U,0,U,0,U,0,U,0,U,0,U,1.28, ,2.16, ,0,U,0,U,0,U,0,U,0,U,0,U,0,U,0,U,0,U,0,U,0,U,0,U,0,U,0,U,0,U,0,U,0,U,0,U,0,U,0,U,0,U,0,U,0,U,0,U,0,U,0,U,0,U,0,U,0,U,0,U,0,U,0,U,0,U,0,U,0,U
PCB 7/9,0,U,0,U,0,U,0,U,0,U,0,U,0,U,0,U,0,U,0,U,0,U,0,U,0,U,0,U,0,U,0,U,0,U,0,U,0,U,0,U,0,U,0,U,0,U,0,U,0,U,0,U,0,U,0,U,0,U,0,U,0,U,0,U,0,U,0,U,0,U,0,U,0,U,0,U,0,U,0,U,0,U,0,U,0,U,0,U,0,U,0,U,0,U,0,U,0,U,0,U,0,U,0,U,0,U,0,U,0,U,0,U,0,U,0,U,0,U,0,U,0,U,0,U,0,U,0,U,0,U,0,U,0,U,0,U,0,U,0,U,0,U,0,U,0,U,0,U,0,U,0,U,0,U,0,U,0,U,0,U,0,U,0,U,0,U,0,U,0,U,0,U,0,U,0,U,0,U,0,U,0,U,0,U,0,U,0,U,0,U,0,U,0,U,0,U,0,U,0,U,0,U,0,U,0,U,0,U,0,U,0,U,0,U,0,U,0,U,0,U,0,U,0,U,0,U,0,U,0,U,0,U,0,U,0,U,0,U,0,U,0,U,0,U,0,U,0,U,0,U,0,U,0,U,0,U,0,U,0,U,0,U,0,U,0,U,0,U,0,U,0,U
PCB 6,0,U,0,U,0,U,0,U,0,U,0,U,0,U,0,U,0,U,0,U,0,U,0,U,0,U,0,U,0,U,0,U,0,U,0,U,0,U,0,U,0,U,0,U,0,U,0,U,0,U,0,U,0,U,0,U,0,U,0,U,0,U,0,U,0,U,0,U,0,U,0,U,0,U,0,U,0,U,0,U,0,U,0,U,0,U,0,U,0,U,0,U,0,U,0,U,0,U,0,U,0,U,0,U,0,U,0,U,0,U,0,U,0,U,0,U,0,U,0,U,0,U,0,U,0,U,0,U,0,U,0,U,0,U,0,U,0,U,0,U,0,U,0,U,0,U,0,U,0,U,0,U,0,U,0,U,0,U,0,U,0,U,0,U,0,U,0,U,0,U,0,U,0,U,0,U,0,U,0,U,0,U,0,U,0,U,0,U,0,U,0,U,0,U,0,U,0,U,0,U,0,U,0,U,0,U,0,U,0,U,0,U,0,U,0,U,0,U,0,U,0,U,0,U,0,U,0,U,0,U,0,U,0,U,0,U,0,U,0,U,0,U,0,U,0,U,0,U,0,U,0,U,0,U,0,U,0,U,0,U,0,U,0,U,0,U,0,U,0,U,0,U
PCB 8/5,0,U,0,U,0,U,0,U,0,U,0,U,0,U,0,U,0,U,0,U,0,U,0,U,0,U,0,U,0,U,0,U,0,U,0,U,0,U,0,U,0,U,0,U,0,U,0,U,0,U,0,U,0,U,0,U,0,U,0,U,0,U,0,U,0,U,0,U,0,U,0,U,0,U,0,U,0,U,0,U,0,U,0,U,0,U,0,U,0,U,0,U,0,U,0,U,0,U,0,U,0,U,0,U,0,U,0,U,0,U,0,U,0,U,0,U,0,U,0,U,0,U,0,U,0,U,0,U,0,U,0,U,0,U,0,U,0,U,0,U,0,U,0,U,0,U,0,U,0,U,0,U,0,U,0,U,0,U,0,U,0,U,0,U,0,U,0,U,0,U,0,U,0,U,0,U,0,U,0,U,0,U,0,U,0,U,0,U,0,U,0,U,0,U,0,U,0,U,0,U,0,U,0,U,0,U,0,U,0,U,0,U,0,U,0,U,0,U,0,U,0,U,0,U,0,U,0,U,0,U,0,U,0,U,0,U,0,U,0,U,0,U,0,U,0,U,0,U,0,U,0,U,0,U,0,U,0,U,0,U,0,U,0,U,0,U,0,U,0,U,0,U
PCB 14,0,U,0,U,0,U,0,U,0,U,0,U,0,U,0,U,0,U,0,U,0,U,0,U,0,U,0,U,0,U,0,U,0,U,0,U,0,U,0,U,0,U,0,U,0,U,0,U,0,U,0,U,0,U,0,U,0,U,0,U,0,U,0,U,0,U,0,U,0,U,0,U,0,U,0,U,0,U,0,U,0,U,0,U,0,U,0,U,0,U,0,U,0,U,0,U,0,U,0,U,0,U,0,U,0,U,0,U,0,U,0,U,0,U,0,U,0,U,0,U,0,U,0,U,0,U,0,U,0,U,0,U,0,U,0,U,0,U,0,U,0,U,0,U,0,U,0,U,0,U,0,U,0,U,0,U,0,U,0,U,0,U,0,U,0,U,0,U,0,U,0,U,0,U,0,U,0,U,0,U,0,U,0,U,0,U,0,U,0,U,0,U,0,U,0,U,0,U,0,U,0,U,0,U,0,U,0,U,0,U,0,U,0,U,0,U,0,U,0,U,0,U,0,U,0,U,0,U,0,U,0,U,0,U,0,U,0,U,0,U,0,U,0,U,0,U,0,U,0,U,0,U,0,U,0,U,0,U,0,U,0,U,0,U,0,U,0,U,0,U,0,U
PCB 11,0,U,0,U,0,U,0,U,0,U,0,U,0,U,0,U,0,U,0,U,0,U,0,U,0,U,0,U,0,U,0,U,0,U,0,U,0,U,0,U,0,U,0,U,0,U,0,U,0,U,0,U,0,U,0,U,0,U,0,U,0,U,0,U,0,U,0,U,0,U,0,U,0,U,0,U,0,U,0,U,0,U,0,U,0,U,0,U,0,U,0,U,0,U,0,U,0,U,0,U,0,U,0,U,0,U,0,U,0,U,0,U,0,U,0,U,0,U,0,U,0,U,0,U,0,U,0,U,0,U,0,U,0,U,0,U,0,U,0,U,0,U,0,U,0,U,0,U,0,U,0,U,0,U,0,U,0,U,0,U,0,U,0,U,0,U,0,U,0,U,0,U,0,U,0,U,0,U,0,U,0,U,0,U,0,U,0,U,0,U,0,U,0,U,0,U,0,U,1.47, ,2.52, ,0,U,0,U,0,U,0,U,0,U,0,U,0,U,0,U,0,U,0,U,0,U,0,U,0,U,0,U,0,U,0,U,0,U,0,U,0,U,0,U,0,U,0,U,0,U,0,U,0,U,0,U,0,U,0,U,0,U,0,U,0,U,0,U,0,U,0,U,0,U
PCB 12,0,U,0,U,0,U,0,U,0,U,0,U,0,U,0,U,0,U,0,U,0,U,0,U,0,U,0,U,0,U,0,U,0,U,0,U,0,U,0,U,0,U,0,U,0,U,0,U,0,U,0,U,0,U,0,U,0,U,0,U,0,U,0,U,0,U,0,U,0,U,0,U,0,U,0,U,0,U,0,U,0,U,0,U,0,U,0,U,0,U,0,U,0,U,0,U,0,U,0,U,0,U,0,U,0,U,0,U,0,U,0,U,0,U,0,U,0,U,0,U,0,U,0,U,0,U,0,U,0,U,0,U,0,U,0,U,0,U,0,U,0,U,0,U,0,U,0,U,0,U,0,U,0,U,0,U,0,U,0,U,0,U,0,U,0,U,0,U,0,U,0,U,0,U,0,U,0,U,0,U,0,U,0,U,0,U,0,U,0,U,0,U,0,U,0,U,0,U,0,U,0,U,0,U,0,U,0,U,0,U,0,U,0,U,0,U,0,U,0,U,0,U,0,U,0,U,0,U,0,U,0,U,0,U,0,U,0,U,0,U,0,U,0,U,0,U,0,U,0,U,0,U,0,U,0,U,0,U,0,U,0,U,0,U,0,U,0,U,0,U,0,U
PCB 13,0,U,0,U,0,U,0,U,0,U,0,U,0,U,0,U,0,U,0,U,0,U,0,U,0,U,0,U,0,U,0,U,0,U,0,U,0,U,0,U,0,U,0,U,0,U,0,U,0,U,0,U,0,U,0,U,0,U,0,U,0,U,0,U,0,U,0,U,0,U,0,U,0,U,0,U,0,U,0,U,0,U,0,U,0,U,0,U,0,U,0,U,0,U,0,U,0,U,0,U,0,U,0,U,0,U,0,U,0,U,0,U,0,U,0,U,0,U,0,U,0,U,0,U,0,U,0,U,0,U,0,U,0,U,0,U,0,U,0,U,0,U,0,U,0,U,0,U,0,U,0,U,0,U,0,U,0,U,0,U,0,U,0,U,0,U,0,U,0,U,0,U,0,U,0,U,0,U,0,U,0,U,0,U,0,U,0,U,0,U,0,U,0,U,0,U,0,U,0,U,0,U,0,U,0,U,0,U,0,U,0,U,0,U,0,U,0,U,0,U,0,U,0,U,0,U,0,U,0,U,0,U,0,U,0,U,0,U,0,U,0,U,0,U,0,U,0,U,0,U,0,U,0,U,0,U,0,U,0,U,0,U,0,U,0,U,0,U,0,U,0,U
PCB 15,0,U,0,U,0,U,0,U,0,U,0,U,0,U,0,U,0,U,0,U,0,U,0,U,0,U,0,U,0,U,0,U,0,U,0,U,0,U,0,U,0,U,0,U,0,U,0,U,0,U,0,U,0,U,0,U,0,U,0,U,0,U,0,U,0,U,0,U,0,U,0,U,0,U,0,U,0,U,0,U,0,U,0,U,0,U,0,U,0,U,0,U,0,U,0,U,0,U,0,U,0,U,0,U,0,U,0,U,0,U,0,U,0,U,0,U,0,U,0,U,0,U,0,U,0,U,0,U,0,U,0,U,0,U,0,U,0,U,0,U,0,U,0,U,0,U,0,U,0,U,0,U,0,U,0,U,0,U,0,U,0,U,0,U,0,U,0,U,0,U,0,U,0,U,0,U,0,U,0,U,0,U,0,U,0,U,0,U,0,U,0.76, ,0,U,0,U,0,U,0,U,14.83, ,0,U,0,U,0,U,0,U,0,U,0,U,0,U,0,U,0,U,0,U,0,U,0,U,0,U,0,U,0,U,0,U,0,U,0,U,0,U,0,U,0,U,0,U,0,U,0,U,0,U,0,U,0,U,0,U,0,U,0,U,0,U,0,U,0,U,0,U,0,U
PCB 19,0,U,0,U,0,U,0,U,0,U,0,U,0,U,0,U,0,U,0,U,0,U,0,U,0,U,0,U,0,U,0,U,0,U,0,U,0,U,0,U,0,U,0,U,0,U,0,U,0,U,0,U,0,U,0,U,0,U,0,U,0,U,0,U,0,U,0,U,0,U,0,U,0,U,0,U,0,U,0,U,0,U,0,U,0,U,0,U,0,U,0,U,0,U,0,U,0,U,0,U,0,U,0,U,0,U,0,U,0,U,0,U,0,U,0,U,0,U,0,U,0,U,0,U,0,U,0,U,0,U,0,U,0,U,0,U,0,U,0,U,0,U,0,U,0,U,0,U,0,U,0,U,0,U,0,U,0,U,0,U,0,U,0,U,0,U,0,U,0,U,0,U,0,U,0,U,0,U,0,U,0,U,0,U,0,U,0,U,0,U,0,U,0,U,0,U,0,U,0,U,0,U,0,U,0,U,0,U,0,U,0,U,0,U,0,U,0,U,0,U,0,U,0,U,0,U,0,U,0,U,0,U,0,U,0,U,0,U,0,U,0,U,0,U,0,U,0,U,0,U,0,U,0,U,0,U,0,U,0,U,0,U,0,U,0,U,0,U,0,U,0,U
PCB 30,0,U,0,U,0,U,0,U,0,U,0,U,0,U,0,U,0,U,0,U,0,U,0,U,0,U,0,U,0,U,0,U,0,U,0,U,0,U,0,U,0,U,0,U,0,U,0,U,0,U,0,U,0,U,0,U,0,U,0,U,0,U,0,U,0,U,0,U,0,U,0,U,0,U,0,U,0,U,0,U,0,U,0,U,0,U,0,U,0,U,0,U,0,U,0,U,0,U,0,U,0,U,0,U,0,U,0,U,0,U,0,U,0,U,0,U,0,U,0,U,0,U,0,U,0,U,0,U,0,U,0,U,0,U,0,U,0,U,0,U,0,U,0,U,0,U,0,U,0,U,0,U,0,U,0,U,0,U,0,U,0,U,0,U,0,U,0,U,0,U,0,U,0,U,0,U,0,U,0,U,0,U,0,U,0,U,0,U,0,U,0,U,0,U,0,U,0,U,0,U,0,U,0,U,0,U,0,U,0,U,0,U,0,U,0,U,0,U,0,U,0,U,0,U,0,U,0,U,0,U,0,U,0,U,0,U,0,U,0,U,0,U,0,U,0,U,0,U,0,U,0,U,0,U,0,U,0,U,0,U,0,U,0,U,0,U,0,U,0,U,0,U
PCB 18,0,U,0,U,0,U,0,U,0,U,0,U,0,U,0,U,0,U,0,U,0,U,0,U,0,U,0,U,0,U,0,U,0,U,0,U,0,U,0,U,0,U,0,U,0,U,0,U,0,U,0,U,0,U,0,U,0,U,0,U,0,U,0,U,0,U,0,U,0,U,0,U,0,U,0,U,0,U,0,U,0,U,0,U,0,U,0,U,0,U,0,U,0,U,0,U,0,U,0,U,0,U,0,U,0,U,0,U,0,U,0,U,0,U,0,U,0,U,0,U,0,U,0,U,0,U,0,U,0,U,0,U,0,U,0,U,0,U,0,U,0,U,0,U,0,U,0,U,0,U,0,U,0,U,0,U,0,U,0,U,0,U,0,U,0,U,0,U,0,U,0,U,0,U,0,U,0,U,0,U,0,U,0,U,0,U,0,U,0,U,0,U,0,U,0,U,0,U,0,U,0,U,0,U,0,U,0,U,0,U,0,U,0,U,0,U,0,U,0,U,0,U,0,U,0,U,0,U,0,U,0,U,0,U,0,U,0,U,0,U,0,U,0,U,0,U,0,U,0,U,0,U,0,U,0,U,0,U,0,U,0,U,0,U,0,U,0,U,0,U,0,U
PCB 17,0,U,0,U,0,U,0,U,0,U,0,U,0,U,0,U,0,U,0,U,0,U,0,U,0,U,0,U,0,U,0,U,0,U,0,U,0,U,0,U,0,U,0,U,0,U,0,U,0,U,0,U,0,U,0,U,0,U,0,U,0,U,0,U,0,U,0,U,0,U,0,U,0,U,0,U,0,U,0,U,0,U,0,U,0,U,0,U,0,U,0,U,0,U,0,U,0,U,0,U,0,U,0,U,0,U,0,U,0,U,0,U,0,U,0,U,0,U,0,U,0,U,0,U,0,U,0,U,0,U,0,U,0,U,0,U,0,U,0,U,0,U,0,U,0,U,0,U,0,U,0,U,0,U,0,U,0,U,0,U,0,U,0,U,0,U,0,U,0,U,0,U,0,U,0,U,0,U,0,U,0,U,0,U,0,U,0,U,0,U,0,U,0,U,0,U,0,U,0,U,0,U,0,U,0,U,0,U,0,U,0,U,0,U,0,U,0,U,0,U,0,U,0,U,0,U,0,U,0,U,0,U,0,U,0,U,0,U,0,U,0,U,0,U,0,U,0,U,0,U,0,U,0,U,0,U,0,U,0,U,0,U,0,U,0,U,0,U,0,U,0,U
PCB 27,0,U,0,U,0,U,0,U,0,U,0,U,0,U,0,U,0,U,0,U,0,U,0,U,0,U,0,U,0,U,0,U,0,U,0,U,0,U,0,U,0,U,0,U,0,U,0,U,0,U,0,U,0,U,0,U,0,U,0,U,0,U,0,U,0,U,0,U,0,U,0,U,0,U,0,U,0,U,0,U,0,U,0,U,0,U,0,U,0,U,0,U,0,U,0,U,0,U,0,U,0,U,0,U,0,U,0,U,0,U,0,U,0,U,0,U,0,U,0,U,0,U,0,U,0,U,0,U,0,U,0,U,0,U,0,U,0,U,0,U,0,U,0,U,0,U,0,U,0,U,0,U,0,U,0,U,0,U,0,U,0,U,0,U,0,U,0,U,0,U,0,U,0,U,0,U,0,U,0,U,0,U,0,U,0,U,0,U,0,U,0,U,0,U,0,U,0,U,0,U,0,U,0,U,0,U,0,U,0,U,0,U,0,U,0,U,0,U,0,U,0,U,0,U,0,U,0,U,0,U,0,U,0,U,0,U,0,U,0,U,0,U,0,U,0,U,0,U,0,U,0,U,0,U,0,U,0,U,0,U,0,U,0,U,0,U,0,U,0,U,0,U
PCB 24,0,U,0,U,0,U,0,U,0,U,0,U,0,U,0,U,0,U,0,U,0,U,0,U,0,U,0,U,0,U,0,U,0,U,0,U,0,U,0,U,0,U,0,U,0,U,0,U,0,U,0,U,0,U,0,U,0,U,0,U,0,U,0,U,0,U,0,U,0,U,0,U,0,U,0,U,0,U,0,U,0,U,0,U,0,U,0,U,0,U,0,U,0,U,0,U,0,U,0,U,0,U,0,U,0,U,0,U,0,U,0,U,0,U,0,U,0,U,0,U,0,U,0,U,0,U,0,U,0,U,0,U,0,U,0,U,0,U,0,U,0,U,0,U,0,U,0,U,0,U,0,U,0,U,0,U,0,U,0,U,0,U,0,U,0,U,0,U,0,U,0,U,0,U,0,U,0,U,0,U,0,U,0,U,0,U,0,U,0,U,0,U,0,U,0,U,0,U,0,U,0,U,0,U,0,U,0,U,0,U,0,U,0,U,0,U,0,U,0,U,0,U,0,U,0,U,0,U,0,U,0,U,0,U,0,U,0,U,0,U,0,U,0,U,0,U,0,U,0,U,0,U,0,U,0,U,0,U,0,U,0,U,0,U,0,U,0,U,0,U,0,U
PCB 16/32,0,U,0,U,0,U,0,U,0,U,0,U,0,U,0,U,0,U,0,U,0,U,0,U,0,U,0,U,0,U,0,U,0,U,0,U,0,U,0,U,0,U,0,U,0,U,0,U,0,U,0,U,0,U,0,U,0,U,0,U,0,U,0,U,0,U,0,U,0,U,0,U,0,U,0,U,0,U,0,U,0,U,0,U,0,U,0,U,0,U,0,U,0,U,0,U,0,U,0,U,0,U,0,U,0,U,0,U,0,U,0,U,0,U,0,U,0,U,0,U,0,U,0,U,0,U,0,U,0,U,0,U,0,U,0,U,0,U,0,U,0,U,0,U,0,U,0,U,0,U,0,U,0,U,0,U,0,U,0,U,0,U,0,U,0,U,0,U,0,U,0,U,0,U,0,U,0,U,0,U,0,U,0,U,0,U,0,U,0,U,0,U,0,U,0,U,0,U,0,U,0,U,0,U,0,U,0,U,0,U,0,U,0,U,0,U,0,U,0,U,0,U,0,U,0,U,0,U,0,U,0,U,0,U,0,U,0,U,0,U,0,U,0,U,0,U,0,U,0,U,0,U,0,U,0,U,0,U,0,U,0,U,0,U,0,U,0,U,0,U,0,U
PCB 34,0,U,0,U,0,U,0,U,0,U,0,U,0,U,0,U,0,U,0,U,0,U,0,U,0,U,0,U,0,U,0,U,0,U,0,U,0,U,0,U,0,U,0,U,0,U,0,U,0,U,0,U,0,U,0,U,0,U,0,U,0,U,0,U,0,U,0,U,0,U,0,U,0,U,0,U,0,U,0,U,0,U,0,U,0,U,0,U,0,U,0,U,0,U,0,U,0,U,0,U,0,U,0,U,0,U,0,U,0,U,0,U,0,U,0,U,0,U,0,U,0,U,0,U,0,U,0,U,0,U,0,U,0,U,0,U,0,U,0,U,0,U,0,U,0,U,0,U,0,U,0,U,0,U,0,U,0,U,0,U,0,U,0,U,0,U,0,U,0,U,0,U,0,U,0,U,0,U,0,U,0,U,0,U,0,U,0,U,0,U,0,U,0,U,0,U,0,U,0,U,0,U,0,U,0,U,0,U,0,U,0,U,0,U,0,U,0,U,0,U,0,U,0,U,0,U,0,U,0,U,0,U,0,U,0,U,0,U,0,U,0,U,0,U,0,U,0,U,0,U,0,U,0,U,0,U,0,U,0,U,0,U,0,U,0,U,0,U,0,U,0,U
PCB 23,0,U,0,U,0,U,0,U,0,U,0,U,0,U,0,U,0,U,0,U,0,U,0,U,0,U,0,U,0,U,0,U,0,U,0,U,0,U,0,U,0,U,0,U,0,U,0,U,0,U,0,U,0,U,0,U,0,U,0,U,0,U,0,U,0,U,0,U,0,U,0,U,0,U,0,U,0,U,0,U,0,U,0,U,0,U,0,U,0,U,0,U,0,U,0,U,0,U,0,U,0,U,0,U,0,U,0,U,0,U,0,U,0,U,0,U,0,U,0,U,0,U,0,U,0,U,0,U,0,U,0,U,0,U,0,U,0,U,0,U,0,U,0,U,0,U,0,U,0,U,0,U,0,U,0,U,0,U,0,U,0,U,0,U,0,U,0,U,0,U,0,U,0,U,0,U,0,U,0,U,0,U,0,U,0,U,0,U,0,U,0,U,0,U,0,U,0,U,0,U,0,U,0,U,0,U,0,U,0,U,0,U,0,U,0,U,0,U,0,U,0,U,0,U,0,U,0,U,0,U,0,U,0,U,0,U,0,U,0,U,0,U,0,U,0,U,0,U,0,U,0,U,0,U,0,U,0,U,0,U,0,U,0,U,0,U,0,U,0,U,0,U
PCB 29,0,U,0,U,0,U,0,U,0,U,0,U,0,U,0,U,0,U,0,U,0,U,0,U,0,U,0,U,0,U,0,U,0,U,0,U,0,U,0,U,0,U,0,U,0,U,0,U,0,U,0,U,0,U,0,U,0,U,0,U,0,U,0,U,0,U,0,U,0,U,0,U,0,U,0,U,0,U,0,U,0,U,0,U,0,U,0,U,0,U,0,U,0,U,0,U,0,U,0,U,0,U,0,U,0,U,0,U,0,U,0,U,0,U,0,U,0,U,0,U,0,U,0,U,0,U,0,U,0,U,0,U,0,U,0,U,0,U,0,U,0,U,0,U,0,U,0,U,0,U,0,U,0,U,0,U,0,U,0,U,0,U,0,U,0,U,0,U,0,U,0,U,0,U,0,U,0,U,0,U,0,U,0,U,0,U,0,U,0,U,0,U,0,U,0,U,0,U,0,U,0,U,0,U,0,U,0,U,0,U,0,U,0,U,0,U,0,U,0,U,0,U,0,U,0,U,0,U,0,U,0,U,0,U,0,U,0,U,0,U,0,U,0,U,0,U,0,U,0,U,0,U,0,U,0,U,0,U,0,U,0,U,0,U,0,U,0,U,0,U,0,U
PCB 26,0,U,0,U,0,U,0,U,0,U,0,U,0,U,0,U,0,U,0,U,0,U,0,U,0,U,0,U,0,U,0,U,0,U,0,U,0,U,0,U,0,U,0,U,0,U,0,U,0,U,0,U,0,U,0,U,0,U,0,U,0,U,0,U,0,U,0,U,0,U,0,U,0,U,0,U,0,U,0,U,0,U,0,U,0,U,0,U,0,U,0,U,0,U,0,U,0,U,0,U,0,U,0,U,0,U,0,U,0,U,0,U,0,U,0,U,0,U,0,U,0,U,0,U,0,U,0,U,0,U,0,U,0,U,0,U,0,U,0,U,0,U,0,U,0,U,0,U,0,U,0,U,0,U,0,U,0,U,0,U,0,U,0,U,0,U,0,U,0,U,0,U,0,U,0,U,0,U,0,U,0,U,0,U,0,U,0,U,0,U,0,U,0,U,0,U,0,U,0,U,0,U,0,U,0,U,0,U,0,U,0,U,0,U,0,U,0,U,0,U,0,U,0,U,0,U,0,U,0,U,0,U,0,U,0,U,0,U,0,U,0,U,0,U,0,U,0,U,0,U,0,U,0,U,0,U,0,U,0,U,0,U,0,U,0,U,0,U,0,U,0,U
PCB 25,0,U,0,U,0,U,0,U,0,U,0,U,0,U,0,U,0,U,0,U,0,U,0,U,0,U,0,U,0,U,0,U,0,U,0,U,0,U,0,U,0,U,0,U,0,U,0,U,0,U,0,U,0,U,0,U,0,U,0,U,0,U,0,U,0,U,0,U,0,U,0,U,0,U,0,U,0,U,0,U,0,U,0,U,0,U,0,U,0,U,0,U,0,U,0,U,0,U,0,U,0,U,0,U,0,U,0,U,0,U,0,U,0,U,0,U,0,U,0,U,0,U,0,U,0,U,0,U,0,U,0,U,0,U,0,U,0,U,0,U,0,U,0,U,0,U,0,U,0,U,0,U,0,U,0,U,0,U,0,U,0,U,0,U,0,U,0,U,0,U,0,U,0,U,0,U,0,U,0,U,0,U,0,U,0,U,0,U,0,U,0,U,0,U,0,U,0,U,0,U,0,U,0,U,0,U,0,U,0,U,0,U,0,U,0,U,0,U,0,U,0,U,0,U,0,U,0,U,0,U,0,U,0,U,0,U,0,U,0,U,0,U,0,U,0,U,0,U,0,U,0,U,0,U,0,U,0,U,0,U,0,U,0,U,0,U,0,U,0,U,0,U
PCB 28/31,0,U,0,U,0,U,0,U,0,U,0,U,0,U,0,U,0,U,0,U,0,U,0,U,0,U,0,U,0,U,0,U,0,U,0,U,0,U,0,U,0,U,0.04,J,0,U,0,U,0,U,0,U,0,U,0,U,0,U,0,U,0,U,0,U,0,U,0,U,0,U,0,U,0,U,0,U,0,U,0,U,0,U,0,U,0,U,0,U,0,U,0,U,0,U,0,U,0,U,0,U,0,U,0,U,0,U,0,U,0,U,0,U,0,U,0,U,0,U,0,U,0,U,0,U,0,U,0,U,0,U,0,U,0,U,0,U,0,U,0,U,0,U,0,U,0,U,0,U,0,U,0,U,0,U,0,U,0,U,0,U,0,U,0,U,0,U,0,U,0,U,0,U,0,U,0,U,0,U,0,U,0,U,0,U,0,U,0,U,0,U,0,U,0,U,0,U,0,U,0,U,0,U,0,U,0,U,0,U,0,U,0,U,0,U,0,U,0,U,0,U,0,U,0,U,0,U,0,U,0,U,0,U,0,U,0,U,0,U,0,U,0,U,0,U,0,U,0,U,0,U,0,U,0,U,0,U,0,U,0,U,0,U,0,U,0,U,0,U,0,U,0,U
PCB 21/20/33,0,U,0,U,0,U,0,U,0,U,0,U,0,U,0,U,0,U,0,U,0,U,0,U,0,U,0,U,0,U,0,U,0,U,0,U,0,U,0,U,0,U,0,U,0,U,0,U,0,U,0,U,0,U,0,U,0,U,0,U,0,U,0,U,0,U,0,U,0,U,0,U,0,U,0,U,0,U,0,U,0,U,0,U,0,U,0,U,0,U,0,U,0,U,0,U,0,U,0,U,0,U,0,U,0,U,0,U,0,U,0,U,0,U,0,U,0,U,0,U,0,U,0,U,0,U,0,U,0,U,0,U,0,U,0,U,0,U,0,U,0,U,0,U,0,U,0,U,0,U,0,U,0,U,0,U,0,U,0,U,0,U,0,U,0,U,0,U,0,U,0,U,0,U,0,U,0,U,0,U,0,U,0,U,0,U,0,U,0,U,0,U,0,U,0,U,0,U,0,U,0,U,0,U,0,U,0,U,0,U,0,U,0,U,0,U,0,U,0,U,0,U,0,U,0,U,0,U,0,U,0,U,0,U,0,U,0,U,0,U,0,U,0,U,0,U,0,U,0,U,0,U,0,U,0,U,0,U,0,U,0,U,0,U,0,U,0,U,0,U,0,U
PCB 22,0,U,0,U,0,U,0,U,0,U,0,U,0,U,0,U,0,U,0,U,0,U,0,U,0,U,0,U,0,U,0,U,0,U,0,U,0,U,0,U,0,U,0,U,0,U,0,U,0,U,0,U,0,U,0,U,0,U,0,U,0,U,0,U,0,U,0,U,0,U,0,U,0,U,0,U,0,U,0,U,0,U,0,U,0,U,0,U,0,U,0,U,0,U,0,U,0,U,0,U,0,U,0,U,0,U,0,U,0,U,0,U,0,U,0,U,0,U,0,U,0,U,0,U,0,U,0,U,0,U,0,U,0,U,0,U,0,U,0,U,0,U,0,U,0,U,0,U,0,U,0,U,0,U,0,U,0,U,0,U,0,U,0,U,0,U,0,U,0,U,0,U,0,U,0,U,0,U,0,U,0,U,0,U,0,U,0,U,0,U,0,U,0,U,0,U,0,U,0,U,0,U,0,U,0,U,0,U,0,U,0,U,0,U,0,U,0,U,0,U,0,U,0,U,0,U,0,U,0,U,0,U,0,U,0,U,0,U,0,U,0,U,0,U,0,U,0,U,0,U,0,U,0,U,0,U,0,U,0,U,0,U,0,U,0,U,0,U,0,U,0,U
PCB 36,0,U,0,U,0,U,0,U,0,U,0,U,0,U,0,U,0,U,0,U,0,U,0,U,0,U,0,U,0,U,0,U,0,U,0,U,0,U,0,U,0,U,0,U,0,U,0,U,0,U,0,U,0,U,0,U,0,U,0,U,0,U,0,U,0,U,0,U,0,U,0,U,0,U,0,U,0,U,0,U,0,U,0,U,0,U,0,U,0,U,0,U,0,U,0,U,0,U,0,U,0,U,0,U,0,U,0,U,0,U,0,U,0,U,0,U,0,U,0,U,0,U,0,U,0,U,0,U,0,U,0,U,0,U,0,U,0,U,0,U,0,U,0,U,0,U,0,U,0,U,0,U,0,U,0,U,0,U,0,U,0,U,0,U,0,U,0,U,0,U,0,U,0,U,0,U,0,U,0,U,0,U,0,U,0,U,0,U,0,U,0,U,0,U,0,U,0,U,0,U,0,U,0,U,0,U,0,U,0,U,0,U,0,U,0,U,0,U,0,U,0,U,0,U,0,U,0,U,0,U,0,U,0,U,0,U,0,U,0,U,0,U,0,U,0,U,0,U,0,U,0,U,0,U,0,U,0,U,0,U,0,U,0,U,0,U,0,U,0,U,0,U
PCB 39,0,U,0,U,0,U,0,U,0,U,0,U,0,U,0,U,0,U,0,U,0,U,0,U,0,U,0,U,0,U,0,U,0,U,0,U,0,U,0,U,0,U,0,U,0,U,0,U,0,U,0,U,0,U,0,U,0,U,0,U,0,U,0,U,0,U,0,U,0,U,0,U,0,U,0,U,0,U,0,U,0,U,0,U,0,U,0,U,0,U,0,U,0,U,0,U,0,U,0,U,0,U,0,U,0,U,0,U,0,U,0,U,0,U,0,U,0,U,0,U,0,U,0,U,0,U,0,U,0,U,0,U,0,U,0,U,0,U,0,U,0,U,0,U,0,U,0,U,0,U,0,U,0,U,0,U,0,U,0,U,0,U,0,U,0,U,0,U,0,U,0,U,0,U,0,U,0,U,0,U,0,U,0,U,0,U,0,U,0,U,0,U,0,U,0,U,0,U,0,U,0,U,0,U,0,U,0,U,0,U,0,U,0,U,0,U,0,U,0,U,0,U,0,U,0,U,0,U,0,U,0,U,0,U,0,U,0,U,0,U,0,U,0,U,0,U,0,U,0,U,0,U,0,U,0,U,0,U,0,U,0,U,0,U,0,U,0,U,0,U,0,U
PCB 38,0,U,0,U,0,U,0,U,0,U,0,U,0,U,0,U,0,U,0,U,0,U,0,U,0,U,0,U,0,U,0,U,0,U,0,U,0,U,0,U,0,U,0,U,0,U,0,U,0,U,0,U,0,U,0,U,0,U,0,U,0,U,0,U,0,U,0,U,0,U,0,U,0,U,0,U,0,U,0,U,0,U,0,U,0,U,0,U,0,U,0,U,0,U,0,U,0,U,0,U,0,U,0,U,0,U,0,U,0,U,0,U,0,U,0,U,0,U,0,U,0,U,0,U,0,U,0,U,0,U,0,U,0,U,0,U,0,U,0,U,0,U,0,U,0,U,0,U,0,U,0,U,0,U,0,U,0,U,0,U,0,U,0,U,0,U,0,U,0,U,0,U,0,U,0,U,0,U,0,U,0,U,0,U,0,U,0,U,0,U,0,U,0,U,0,U,0,U,0,U,0,U,0,U,0,U,0,U,0,U,0,U,0,U,0,U,0,U,0,U,0,U,0,U,0,U,0,U,0,U,0,U,0,U,0,U,0,U,0,U,0,U,0,U,0,U,0,U,0,U,0,U,0,U,0,U,0,U,0,U,0,U,0,U,0,U,0,U,0,U,0,U
PCB 35,0,U,0,U,0,U,0,U,0,U,0,U,0,U,0,U,0,U,0,U,0,U,0,U,0,U,0,U,0,U,0,U,0,U,0,U,0,U,0,U,0,U,0,U,0,U,0,U,0,U,0,U,0,U,0,U,0,U,0,U,0,U,0,U,0,U,0,U,0,U,0,U,0,U,0,U,0,U,0,U,0,U,0,U,0,U,0,U,0,U,0,U,0,U,0,U,0,U,0,U,0,U,0,U,0,U,0,U,0,U,0,U,0,U,0,U,0,U,0,U,0,U,0,U,0,U,0,U,0,U,0,U,0,U,0,U,0,U,0,U,0,U,0,U,0,U,0,U,0,U,0,U,0,U,0,U,0,U,0,U,0,U,0,U,0,U,0,U,0,U,0,U,0,U,0,U,0,U,0,U,0,U,0,U,0,U,0,U,0,U,0,U,0,U,0,U,0,U,0,U,0,U,0,U,0,U,0,U,0,U,0,U,0,U,0,U,0,U,0,U,0,U,0,U,0,U,0,U,0,U,0,U,0,U,0,U,0,U,0,U,0,U,0,U,0,U,0,U,0,U,0,U,0,U,0,U,0,U,0,U,0,U,0,U,0,U,0,U,0,U,0,U
PCB 37,0,U,0,U,0,U,0,U,0,U,0,U,0,U,0,U,0,U,0,U,0,U,0,U,0,U,0,U,0,U,0,U,0,U,0,U,0,U,0,U,0,U,0,U,0,U,0,U,0,U,0,U,0,U,0,U,0,U,0,U,0,U,0,U,0,U,0,U,0,U,0,U,0,U,0,U,0,U,0,U,0,U,0,U,0,U,0,U,0,U,0,U,0,U,0,U,0,U,0,U,0,U,0,U,0,U,0,U,0,U,0,U,0,U,0,U,0,U,0,U,0,U,0,U,0,U,0,U,0,U,0,U,0,U,0,U,0,U,0,U,0,U,0,U,0,U,0,U,0,U,0,U,0,U,0,U,0,U,0,U,0,U,0,U,0,U,0,U,0,U,0,U,0,U,0,U,0,U,0,U,0,U,0,U,0,U,0,U,0,U,0,U,0,U,0,U,0,U,0,U,0,U,0,U,0,U,0,U,0,U,0,U,0,U,0,U,0,U,0,U,0,U,0,U,0,U,0,U,0,U,0,U,0,U,0,U,0,U,0,U,0,U,0,U,0,U,0,U,0,U,0,U,0,U,0,U,0,U,0,U,0,U,0,U,0,U,0,U,0,U,0,U
PCB 54,0,U,0,U,0,U,0,U,0,U,0,U,0,U,0,U,0,U,0,U,0,U,0,U,0,U,0,U,0,U,0,U,0,U,0,U,0,U,0,U,0,U,0,U,0,U,0,U,0,U,0,U,0,U,0,U,0,U,0,U,0,U,0,U,0,U,0,U,0,U,0,U,0,U,0,U,0,U,0,U,0,U,0,U,0,U,0,U,0,U,0,U,0,U,0,U,0,U,0,U,0,U,0,U,0,U,0,U,0,U,0,U,0,U,0,U,0,U,0,U,0,U,0,U,0,U,0,U,0,U,0,U,0,U,0,U,0,U,0,U,0,U,0,U,0,U,0,U,0,U,0,U,0,U,0,U,0,U,0,U,0,U,0,U,0,U,0,U,0,U,0,U,0,U,0,U,0,U,0,U,0,U,0,U,0,U,0,U,0,U,0,U,0,U,0,U,0,U,0,U,0,U,0,U,0,U,0,U,0,U,0,U,0,U,0,U,0,U,0,U,0,U,0,U,0,U,0,U,0,U,0,U,0,U,0,U,0,U,0,U,0,U,0,U,0,U,0,U,0,U,0,U,0,U,0,U,0,U,0,U,0,U,0,U,0,U,0,U,0,U,0,U
PCB 50,0,U,0,U,0,U,0,U,0,U,0,U,0,U,0,U,0,U,0,U,0,U,0,U,0,U,0,U,0,U,0,U,0,U,0,U,0,U,0,U,0,U,0,U,0,U,0,U,0,U,0,U,0,U,0,U,0,U,0,U,0,U,0,U,0,U,0,U,0,U,0,U,0,U,0,U,0,U,0,U,0,U,0,U,0,U,0,U,0,U,0,U,0,U,0,U,0,U,0,U,0,U,0,U,0,U,0,U,0,U,0,U,0,U,0,U,0,U,0,U,0,U,0,U,0,U,0,U,0,U,0,U,0,U,0,U,0,U,0,U,0,U,0,U,0,U,0,U,0,U,0,U,0,U,0,U,0,U,0,U,0,U,0,U,0,U,0,U,0,U,0,U,0,U,0,U,0,U,0,U,0,U,0,U,0,U,0,U,0,U,0,U,0,U,0,U,0,U,0,U,0,U,0,U,0,U,0,U,0,U,0,U,0,U,0,U,0,U,0,U,0,U,0,U,0,U,0,U,0,U,0,U,0,U,0,U,0,U,0,U,0,U,0,U,0,U,0,U,0,U,0,U,0,U,0,U,0,U,0,U,0,U,0,U,0,U,0,U,0,U,0,U
PCB 53,0,U,0,U,0,U,0,U,0,U,0,U,0,U,0,U,0,U,0,U,0,U,0,U,0,U,0,U,0,U,0,U,0,U,0,U,0,U,0,U,0,U,0,U,0,U,0,U,0,U,0,U,0,U,0,U,0,U,0,U,0,U,0,U,0,U,0,U,0,U,0,U,0,U,0,U,0,U,0,U,0,U,0,U,0,U,0,U,0,U,0,U,0,U,0,U,0,U,0,U,0,U,0,U,0,U,0,U,0,U,0,U,0,U,0,U,0,U,0,U,0,U,0,U,0,U,0,U,0,U,0,U,0,U,0,U,0,U,0,U,0,U,0,U,0,U,0,U,0,U,0,U,0,U,0,U,0,U,0,U,0,U,0,U,0,U,0,U,0,U,0,U,0,U,0,U,0,U,0,U,0,U,0,U,0,U,0,U,0,U,0,U,0,U,0,U,0,U,0,U,0,U,0,U,0,U,0,U,0,U,0,U,0,U,0,U,0,U,0,U,0,U,0,U,0,U,0,U,0,U,0,U,0,U,0,U,0,U,0,U,0,U,0,U,0,U,0,U,0,U,0,U,0,U,0,U,0,U,0,U,0,U,0,U,0,U,0,U,0,U,0,U
PCB 51,0,U,0,U,0,U,0,U,0,U,0,U,0,U,0,U,0,U,0,U,0,U,0,U,0,U,0,U,0,U,0,U,0,U,0,U,0,U,0,U,0,U,0,U,0,U,0,U,0,U,0,U,0,U,0,U,0,U,0,U,0,U,0,U,0,U,0,U,0,U,0,U,0,U,0,U,0,U,0,U,0,U,0,U,0,U,0,U,0,U,0,U,0,U,0,U,0,U,0,U,0,U,0,U,0,U,0,U,0,U,0,U,0,U,0,U,0,U,0,U,0,U,0,U,0,U,0,U,0,U,0,U,0,U,0,U,0,U,0,U,0,U,0,U,0,U,0,U,0,U,0,U,0,U,0,U,0,U,0,U,0,U,0,U,0,U,0,U,0,U,0,U,0,U,0,U,0,U,0,U,0,U,0,U,0,U,0,U,0,U,0,U,0,U,0,U,0,U,0,U,0,U,0,U,0,U,0,U,0,U,0,U,0,U,0,U,0,U,0,U,0,U,0,U,0,U,0,U,0,U,0,U,0,U,0,U,0,U,0,U,0,U,0,U,0,U,0,U,0,U,0,U,0,U,0,U,0,U,0,U,0,U,0,U,0,U,0,U,0,U,0,U
PCB 45,0,U,0,U,0,U,0,U,0,U,0,U,0,U,0,U,0,U,0,U,0,U,0,U,0,U,0,U,0,U,0,U,0,U,0,U,0,U,0,U,0,U,0,U,0,U,0,U,0,U,0,U,0,U,0,U,0,U,0,U,0,U,0,U,0,U,0,U,0,U,0,U,0,U,0,U,0,U,0,U,0,U,0,U,0,U,0,U,0,U,0,U,0,U,0,U,0,U,0,U,0,U,0,U,0,U,0,U,0,U,0,U,0,U,0,U,0,U,0,U,0,U,0,U,0,U,0,U,0,U,0,U,0,U,0,U,0,U,0,U,0,U,0,U,0,U,0,U,0,U,0,U,0,U,0,U,0,U,0,U,0,U,0,U,0,U,0,U,0,U,0,U,0,U,0,U,0,U,0,U,0,U,0,U,0,U,0,U,0,U,0,U,0,U,0,U,0,U,0,U,0,U,0,U,0,U,0,U,0,U,0,U,0,U,0,U,0,U,0,U,0,U,0,U,0,U,0,U,0,U,0,U,0,U,0,U,0,U,0,U,0,U,0,U,0,U,0,U,0,U,0,U,0,U,0,U,0,U,0,U,0,U,0,U,0,U,0,U,0,U,0,U
PCB 46/69/73,0,U,0,U,0,U,0,U,0,U,0,U,0,U,0,U,0,U,0,U,0,U,0,U,0,U,0,U,0,U,0,U,0,U,0,U,0,U,0,U,0,U,0,U,0,U,0,U,0,U,0,U,0,U,0,U,0,U,0,U,0,U,0,U,0,U,0,U,0,U,0,U,0,U,0,U,0,U,0,U,0,U,0,U,0,U,0,U,0,U,0,U,0,U,0,U,0,U,0,U,0,U,0,U,0,U,0,U,0,U,0,U,0,U,0,U,0,U,0,U,0,U,0,U,0,U,0,U,0,U,0,U,0,U,0,U,0,U,0,U,0,U,0,U,0,U,0,U,0,U,0,U,0,U,0,U,0,U,0,U,0,U,1.6, ,0,U,0,U,0,U,0,U,0,U,0,U,0,U,0,U,0,U,0,U,0,U,0,U,0,U,0,U,0,U,0,U,0,U,0,U,0,U,0,U,0,U,0,U,0,U,0,U,0,U,0,U,5.38, ,7.23, ,0,U,0,U,0,U,0,U,0,U,0,U,0,U,0,U,0,U,0,U,0,U,0,U,0,U,0,U,0,U,0,U,0,U,0,U,0,U,0,U,0,U,0,U,0,U,0,U,0,U,0,U
PCB 52,0,U,0,U,0,U,0,U,0,U,0,U,0,U,0,U,0,U,0,U,0,U,0,U,0,U,0,U,0,U,0,U,0,U,0,U,0,U,0,U,0,U,0.04,J,0,U,0,U,0,U,0,U,0,U,0,U,0,U,0,U,0,U,0,U,0,U,0,U,0,U,0,U,0,U,0,U,0,U,0,U,0,U,0,U,0,U,0,U,0,U,0,U,0,U,0,U,0,U,0,U,0,U,0,U,0,U,0,U,0,U,0,U,0,U,0,U,0,U,0,U,0,U,0,U,0,U,0,U,0,U,0,U,0,U,0,U,0,U,0,U,0,U,0,U,0,U,0,U,0,U,0,U,0,U,0,U,0,U,0,U,0,U,0,U,0,U,0,U,0,U,0,U,0,U,0,U,0,U,0,U,0,U,0,U,0,U,0,U,0,U,0,U,0,U,0,U,0,U,0,U,0,U,0,U,0,U,0,U,0,U,0,U,0,U,0,U,0,U,0,U,0,U,0,U,0,U,0,U,0,U,0,U,0,U,0,U,0,U,0,U,0,U,0,U,0,U,0,U,0,U,0,U,0,U,0,U,0,U,0,U,0,U,0,U,0,U,0,U,0,U,0,U
PCB 43,0,U,0,U,0,U,0,U,0,U,0,U,0,U,0,U,0,U,0,U,0,U,0,U,0,U,0,U,0,U,0,U,0,U,0,U,0,U,0,U,0,U,0,U,0,U,0,U,0,U,0,U,0,U,0,U,0,U,0,U,0,U,0,U,0,U,0,U,0,U,0,U,0,U,0,U,0,U,0,U,0,U,0,U,0,U,0,U,0,U,0,U,0,U,0,U,0,U,0,U,0,U,0,U,0,U,0,U,0,U,0,U,0,U,0,U,0,U,0,U,0,U,0,U,0,U,0,U,0,U,0,U,0,U,0,U,0,U,0,U,0,U,0,U,0,U,0,U,0,U,0,U,0,U,0,U,0,U,0,U,0,U,0,U,0,U,0,U,0,U,0,U,0,U,0,U,0,U,0,U,0,U,0,U,0,U,0,U,0,U,0,U,0,U,0,U,0,U,0,U,0,U,0,U,0,U,0,U,0,U,0,U,0,U,0,U,0,U,0,U,0,U,0,U,0,U,0,U,0,U,0,U,0,U,0,U,0,U,0,U,0,U,0,U,0,U,0,U,0,U,0,U,0,U,0,U,0,U,0,U,0,U,0,U,0,U,0,U,0,U,0,U
PCB 49,0,U,0,U,0,U,0,U,0,U,0,U,0,U,0,U,0,U,0,U,0,U,0,U,0,U,0,U,0,U,0,U,0,U,0,U,0,U,0,U,0,U,0,U,0,U,0,U,0,U,0,U,0,U,0,U,0,U,0,U,0,U,0,U,0,U,0,U,0,U,0,U,0,U,0,U,0,U,0,U,0,U,0,U,0,U,0,U,0,U,0,U,0,U,0,U,0,U,0,U,0,U,0,U,0,U,0,U,0,U,0,U,0,U,0,U,0,U,0,U,0,U,0,U,0,U,0,U,0,U,0,U,0,U,0,U,0,U,0,U,0,U,0,U,0,U,0,U,0,U,0,U,0,U,0,U,0,U,0,U,0,U,0,U,0,U,0,U,0,U,0,U,0,U,0,U,0,U,0,U,0,U,0,U,0,U,0,U,0,U,0,U,0,U,0,U,0,U,0,U,0,U,0,U,0,U,0,U,0,U,0,U,0,U,0,U,0,U,0,U,0,U,0,U,0,U,0,U,0,U,0,U,0,U,0,U,0,U,0,U,0,U,0,U,0,U,0,U,0,U,0,U,0,U,0,U,0,U,0,U,0,U,0,U,0,U,0,U,0,U,0,U
PCB 48/75/47,0,U,0,U,0,U,0,U,0,U,0,U,0,U,0,U,0,U,0,U,0,U,0,U,0,U,0,U,0,U,0,U,0,U,0,U,0,U,0,U,0,U,0,U,0,U,0,U,0,U,0,U,0,U,0,U,0,U,0,U,0,U,0,U,0,U,0,U,0,U,0,U,0,U,0,U,0,U,0,U,0,U,0,U,0,U,0,U,0,U,0,U,0,U,0,U,0,U,0,U,0,U,0,U,0,U,0,U,0,U,0,U,0,U,0,U,0,U,0,U,0,U,0,U,0,U,0,U,0,U,0,U,0,U,0,U,0,U,0,U,0,U,0,U,0,U,0,U,0,U,0,U,0,U,0,U,0,U,0,U,0,U,0,U,0,U,0,U,0,U,0,U,0,U,0,U,0,U,0,U,0,U,0,U,0,U,0,U,0,U,0,U,0,U,0,U,0,U,0,U,0,U,0,U,0,U,0,U,0,U,0,U,0,U,0,U,0,U,0,U,0,U,0,U,0,U,0,U,0,U,0,U,0,U,0,U,0,U,0,U,0,U,0,U,0,U,0,U,0,U,0,U,0,U,0,U,0,U,0,U,0,U,0,U,0,U,0,U,0,U,0,U
PCB 65,0,U,0,U,0,U,0,U,0,U,0,U,0,U,0,U,0,U,0,U,0,U,0,U,0,U,0,U,0,U,0,U,0,U,0,U,0,U,0,U,0,U,0,U,0,U,0,U,0,U,0,U,0,U,0,U,0,U,0,U,0,U,0,U,0,U,0,U,0,U,0,U,0,U,0,U,0,U,0,U,0,U,0,U,0,U,0,U,0,U,0,U,0,U,0,U,0,U,0,U,0,U,0,U,0,U,0,U,0,U,0,U,0,U,0,U,0,U,0,U,0,U,0,U,0,U,0,U,0,U,0,U,0,U,0,U,0,U,0,U,0,U,0,U,0,U,0,U,0,U,0,U,0,U,0,U,0,U,0,U,0,U,0,U,0,U,0,U,0,U,0,U,0,U,0,U,0,U,0,U,0,U,0,U,0,U,0,U,0,U,0,U,0,U,0,U,0,U,0,U,0,U,0,U,0,U,0,U,0,U,0,U,0,U,0,U,0,U,0,U,0,U,0,U,0,U,0,U,0,U,0,U,0,U,0,U,0,U,0,U,0,U,0,U,0,U,0,U,0,U,0,U,0,U,0,U,0,U,0,U,0,U,0,U,0,U,0,U,0,U,0,U
PCB 62,0,U,0,U,0,U,0,U,0,U,0,U,0,U,0,U,0,U,0,U,0,U,0,U,0,U,0,U,0,U,0,U,0,U,0,U,0,U,0,U,0,U,0,U,0,U,0,U,0,U,0,U,0,U,0,U,0,U,0,U,0,U,0,U,0,U,0,U,0,U,0,U,0,U,0,U,0,U,0,U,0,U,0,U,0,U,0,U,0,U,0,U,0,U,0,U,0,U,0,U,0,U,0,U,0,U,0,U,0,U,0,U,0,U,0,U,0,U,0,U,0,U,0,U,0,U,0,U,0,U,0,U,0,U,0,U,0,U,0,U,0,U,0,U,0,U,0,U,0,U,0,U,0,U,0,U,0,U,0,U,0,U,0,U,0,U,0,U,0,U,0,U,0,U,0,U,0,U,0,U,0,U,0,U,0,U,0,U,0,U,0,U,0,U,0,U,0,U,0,U,0,U,0,U,0,U,0,U,0,U,0,U,0,U,0,U,0,U,0,U,0,U,0,U,0,U,0,U,0,U,0,U,0,U,0,U,0,U,0,U,0,U,0,U,0,U,0,U,0,U,0,U,0,U,0,U,0,U,0,U,0,U,0,U,0,U,0,U,0,U,0,U
PCB 44,0,U,0,U,0,U,0,U,0,U,0,U,0,U,0,U,0,U,0,U,0,U,0,U,0,U,0,U,0,U,0,U,0,U,0,U,0,U,0,U,0,U,0.04,J,0,U,0,U,0,U,0,U,0,U,0,U,0,U,0,U,0,U,0,U,0,U,0,U,0,U,0,U,0,U,0,U,0,U,0,U,0,U,0,U,0,U,0,U,0,U,0,U,0,U,0,U,0,U,0,U,0,U,0,U,0,U,0,U,0,U,0,U,0,U,0,U,0,U,0,U,0,U,0,U,0,U,0,U,0,U,0,U,0,U,0,U,0,U,0,U,0,U,0,U,0,U,0,U,0,U,0,U,0,U,0,U,0,U,0,U,0,U,0,U,0,U,0,U,0,U,0,U,0,U,0,U,0,U,0,U,0,U,0,U,0,U,0,U,0,U,0,U,0,U,0,U,0,U,0,U,0,U,0,U,0,U,0,U,0,U,0,U,0,U,0,U,0,U,0,U,0,U,0,U,0,U,0,U,0,U,0,U,0,U,0,U,0,U,0,U,0,U,0,U,0,U,0,U,0,U,0,U,0,U,0,U,0,U,0,U,0,U,0,U,0,U,0,U,0,U,0,U
PCB 59,0,U,0,U,0,U,0,U,0,U,0,U,0,U,0,U,0,U,0,U,0,U,0,U,0,U,0,U,0,U,0,U,0,U,0,U,0,U,0,U,0,U,0,U,0,U,0,U,0,U,0,U,0,U,0,U,0,U,0,U,0,U,0,U,0,U,0,U,0,U,0,U,0,U,0,U,0,U,0,U,0,U,0,U,0,U,0,U,0,U,0,U,0,U,0,U,0,U,0,U,0,U,0,U,0,U,0,U,0,U,0,U,0,U,0,U,0,U,0,U,0,U,0,U,0,U,0,U,0,U,0,U,0,U,0,U,0,U,0,U,0,U,0,U,0,U,0,U,0,U,0,U,0,U,0,U,0,U,0,U,0,U,0,U,0,U,0,U,0,U,0,U,0,U,0,U,0,U,0,U,0,U,0,U,0,U,0,U,0,U,0,U,0,U,0,U,0,U,0,U,0,U,0,U,0,U,0,U,0,U,0,U,0,U,0,U,0,U,0,U,0,U,0,U,0,U,0,U,0,U,0,U,0,U,0,U,0,U,0,U,0,U,0,U,0,U,0,U,0,U,0,U,0,U,0,U,0,U,0,U,0,U,0,U,0,U,0,U,0,U,0,U
PCB 42,0,U,0,U,0,U,0,U,0,U,0,U,0,U,0,U,0,U,0,U,0,U,0,U,0,U,0,U,0,U,0,U,0,U,0,U,0,U,0,U,0,U,0,U,0,U,0,U,0,U,0,U,0,U,0,U,0,U,0,U,0,U,0,U,0,U,0,U,0,U,0,U,0,U,0,U,0,U,0,U,0,U,0,U,0,U,0,U,0,U,0,U,0,U,0,U,0,U,0,U,0,U,0,U,0,U,0,U,0,U,0,U,0,U,0,U,0,U,0,U,0,U,0,U,0,U,0,U,0,U,0,U,0,U,0,U,0,U,0,U,0,U,0,U,0,U,0,U,0,U,0,U,0,U,0,U,0,U,0,U,0,U,0,U,0,U,0,U,0,U,0,U,0,U,0,U,0,U,0,U,0,U,0,U,0,U,0,U,0,U,0,U,0,U,0,U,0,U,0,U,0,U,0,U,0,U,0,U,0,U,0,U,0,U,0,U,0,U,0,U,0,U,0,U,0,U,0,U,0,U,0,U,0,U,0,U,0,U,0,U,0,U,0,U,0,U,0,U,0,U,0,U,0,U,0,U,0,U,0,U,0,U,0,U,0,U,0,U,0,U,0,U
PCB 72,0,U,0,U,0,U,0,U,0,U,0,U,0,U,0,U,0,U,0,U,0,U,0,U,0,U,0,U,0,U,0,U,0,U,0,U,0,U,0,U,0,U,0,U,0,U,0,U,0,U,0,U,0,U,0,U,0,U,0,U,0,U,0,U,0,U,0,U,0,U,0,U,0,U,0,U,0,U,0,U,0,U,0,U,0,U,0,U,0,U,0,U,0,U,0,U,0,U,0,U,0,U,0,U,0,U,0,U,0,U,0,U,0,U,0,U,0,U,0,U,0,U,0,U,0,U,0,U,0,U,0,U,0,U,0,U,0,U,0,U,0,U,0,U,0,U,0,U,0,U,0,U,0,U,0,U,0,U,0,U,0,U,0,U,0,U,0,U,0,U,0,U,0,U,0,U,0,U,0,U,0,U,0,U,0,U,0,U,0,U,0,U,0,U,0,U,0,U,0,U,0,U,0,U,0,U,0,U,0,U,0,U,0,U,0,U,0,U,0,U,0,U,0,U,0,U,0,U,0,U,0,U,0,U,0,U,0,U,0,U,0,U,0,U,0,U,0,U,0,U,0,U,0,U,0,U,0,U,0,U,0,U,0,U,0,U,0,U,0,U,0,U
PCB 71,0,U,0,U,0,U,0,U,0,U,0,U,0,U,0,U,0,U,0,U,0,U,0,U,0,U,0,U,0,U,0,U,0,U,0,U,0,U,0,U,0,U,0,U,0,U,0,U,0,U,0,U,0,U,0,U,0,U,0,U,0,U,0,U,0,U,0,U,0,U,0,U,0,U,0,U,0,U,0,U,0,U,0,U,0,U,0,U,0,U,0,U,0,U,0,U,0,U,0,U,0,U,0,U,0,U,0,U,0,U,0,U,0,U,0,U,0,U,0,U,0,U,0,U,0,U,0,U,0,U,0,U,0,U,0,U,0,U,0,U,0,U,0,U,0,U,0,U,0,U,0,U,0,U,0,U,0,U,0,U,0,U,0,U,0,U,0,U,0,U,0,U,0,U,0,U,0,U,0,U,0,U,0,U,0,U,0,U,0,U,0,U,0,U,0,U,0,U,0,U,0,U,0,U,0,U,0,U,0,U,0,U,0,U,0,U,0,U,0,U,0,U,0,U,0,U,0,U,0,U,0,U,0,U,0,U,0,U,0,U,0,U,0,U,0,U,0,U,0,U,0,U,0,U,0,U,0,U,0,U,0,U,0,U,0,U,0,U,0,U,0,U
PCB 68/41/64,0,U,0,U,0,U,0,U,0,U,0,U,0,U,0,U,0,U,0,U,0,U,0,U,0,U,0,U,0,U,0,U,0,U,0,U,0,U,0,U,0,U,0,U,0,U,0,U,0,U,0,U,0,U,0,U,0,U,0,U,0,U,0,U,0,U,0,U,0,U,0,U,0,U,0,U,0,U,0,U,0,U,0,U,0,U,0,U,0,U,0,U,0,U,0,U,0,U,0,U,0,U,0,U,0,U,0,U,0,U,0,U,0,U,0,U,0,U,0,U,0,U,0,U,0,U,0,U,0,U,0,U,0,U,0,U,0,U,0,U,0,U,0,U,0,U,0,U,0,U,0,U,0,U,0,U,0,U,0,U,0,U,0,U,0,U,0,U,0,U,0,U,0,U,0,U,0,U,0,U,0,U,0,U,0,U,0,U,0,U,0,U,0,U,0,U,0,U,0,U,0,U,0,U,0,U,0,U,0,U,0,U,0,U,0,U,0,U,0,U,0,U,0,U,0,U,0,U,0,U,0,U,0,U,0,U,0,U,0,U,0,U,0,U,0,U,0,U,0,U,0,U,0,U,0,U,0,U,0,U,0,U,0,U,0,U,0,U,0,U,0,U
PCB 40/57,0,U,0,U,0,U,0,U,0,U,0,U,0,U,0,U,0,U,0,U,0,U,0,U,0,U,0,U,0,U,0,U,0,U,0,U,0,U,0,U,0,U,0,U,0,U,0,U,0,U,0,U,0,U,0,U,0,U,0,U,0,U,0,U,0,U,0,U,0,U,0,U,0,U,0,U,0,U,0,U,0,U,0,U,0,U,0,U,0,U,0,U,0,U,0,U,0,U,0,U,0,U,0,U,0,U,0,U,0,U,0,U,0,U,0,U,0,U,0,U,0,U,0,U,0,U,0,U,0,U,0,U,0,U,0,U,0,U,0,U,0,U,0,U,0,U,0,U,0,U,0,U,0,U,0,U,0,U,0,U,0,U,0,U,0,U,0,U,0,U,0,U,0,U,0,U,0,U,0,U,0,U,0,U,0,U,0,U,0,U,0,U,0,U,0,U,0,U,0,U,0,U,0,U,0,U,0,U,0,U,0,U,0,U,0,U,0,U,0,U,0,U,0,U,0,U,0,U,0,U,0,U,0,U,0,U,0,U,0,U,0,U,0,U,0,U,0,U,0,U,0,U,0,U,0,U,0,U,0,U,0,U,0,U,0,U,0,U,0,U,0,U
PCB 67,0,U,0,U,0,U,0,U,0,U,0,U,0,U,0,U,0,U,0,U,0,U,0,U,0,U,0,U,0,U,0,U,0,U,0,U,0,U,0,U,0,U,0,U,0,U,0,U,0,U,0,U,0,U,0,U,0,U,0,U,0,U,0,U,0,U,0,U,0,U,0,U,0,U,0,U,0,U,0,U,0,U,0,U,0,U,0,U,0,U,0,U,0,U,0,U,0,U,0,U,0,U,0,U,0,U,0,U,0,U,0,U,0,U,0,U,0,U,0,U,0,U,0,U,0,U,0,U,0,U,0,U,0,U,0,U,0,U,0,U,0,U,0,U,0,U,0,U,0,U,0,U,0,U,0,U,0,U,0,U,0,U,0,U,0,U,0,U,0,U,0,U,0,U,0,U,0,U,0,U,0,U,0,U,0,U,0,U,0,U,0,U,0,U,0,U,0,U,0,U,0,U,0,U,0,U,0,U,0,U,0,U,0,U,0,U,0,U,0,U,0,U,0,U,0,U,0,U,0,U,0,U,0,U,0,U,0,U,0,U,0,U,0,U,0,U,0,U,0,U,0,U,0,U,0,U,0,U,0,U,0,U,0,U,0,U,0,U,0,U,0,U
PCB 58,0,U,0,U,0,U,0,U,0,U,0,U,0,U,0,U,0,U,0,U,0,U,0,U,0,U,0,U,0,U,0,U,0,U,0,U,0,U,0,U,0,U,0,U,0,U,0,U,0,U,0,U,0,U,0,U,0,U,0,U,0,U,0,U,0,U,0,U,0,U,0,U,0,U,0,U,0,U,0,U,0,U,0,U,0,U,0,U,0,U,0,U,0,U,0,U,0,U,0,U,0,U,0,U,0,U,0,U,0,U,0,U,0,U,0,U,0,U,0,U,0,U,0,U,0,U,0,U,0,U,0,U,0,U,0,U,0,U,0,U,0,U,0,U,0,U,0,U,0,U,0,U,0,U,0,U,0,U,0,U,0,U,0,U,0,U,0,U,0,U,0,U,0,U,0,U,0,U,0,U,0,U,0,U,0,U,0,U,0,U,0,U,0,U,0,U,0,U,0,U,0,U,0,U,0,U,0,U,0,U,0,U,0,U,0,U,0,U,0,U,0,U,0,U,0,U,0,U,0,U,0,U,0,U,0,U,0,U,0,U,0,U,0,U,0,U,0,U,0,U,0,U,0,U,0,U,0,U,0,U,0,U,0,U,0,U,0,U,0,U,0,U
PCB 63,0,U,0,U,0,U,0,U,0,U,0,U,0,U,0,U,0,U,0,U,0,U,0,U,0,U,0,U,0,U,0,U,0,U,0,U,0,U,0,U,0,U,0,U,0,U,0,U,0,U,0,U,0,U,0,U,0,U,0,U,0,U,0,U,0,U,0,U,0,U,0,U,0,U,0,U,0,U,0,U,0,U,0,U,0,U,0,U,0,U,0,U,0,U,0,U,0,U,0,U,0,U,0,U,0,U,0,U,0,U,0,U,0,U,0,U,0,U,0,U,0,U,0,U,0,U,0,U,0,U,0,U,0,U,0,U,0,U,0,U,0,U,0,U,0,U,0,U,0,U,0,U,0,U,0,U,0,U,0,U,0,U,0,U,0,U,0,U,0,U,0,U,0,U,0,U,0,U,0,U,0,U,0,U,0,U,0,U,0,U,0,U,0,U,0,U,0,U,0,U,0,U,0,U,0,U,0,U,0,U,0,U,0,U,0,U,0,U,0,U,0,U,0,U,0,U,0,U,0,U,0,U,0,U,0,U,0,U,0,U,0,U,0,U,0,U,0,U,0,U,0,U,0,U,0,U,0,U,0,U,0,U,0,U,0,U,0,U,0,U,0,U
PCB 61/74,0,U,0,U,0,U,0,U,0,U,0,U,0,U,0,U,0,U,0,U,0,U,0,U,0,U,0,U,0,U,0,U,0,U,0,U,0,U,0,U,0,U,0,U,0,U,0,U,0,U,0,U,0,U,0,U,0,U,0,U,0,U,0,U,0,U,0,U,0,U,0,U,0,U,0,U,0,U,0,U,0,U,0,U,0,U,0,U,0,U,0,U,0,U,0,U,0,U,0,U,0,U,0,U,0,U,0,U,0,U,0,U,0,U,0,U,0,U,0,U,0,U,0,U,0,U,0,U,0,U,0,U,0,U,0,U,0,U,0,U,0,U,0,U,0,U,0,U,0,U,0,U,0,U,0,U,0,U,0,U,0,U,0,U,0,U,0,U,0,U,0,U,0,U,0,U,0,U,0,U,0,U,0,U,0,U,0,U,0,U,0,U,0,U,0,U,0,U,0,U,0,U,0,U,0,U,0,U,0,U,0,U,0,U,0,U,0,U,0,U,0,U,0,U,0,U,0,U,0,U,0,U,0,U,0,U,0,U,0,U,0,U,0,U,0,U,0,U,0,U,0,U,0,U,0,U,0,U,0,U,0,U,0,U,0,U,0,U,0,U,0,U
PCB 76/70,0,U,0,U,0,U,0,U,0,U,0,U,0,U,0,U,0,U,0,U,0,U,0,U,0,U,0,U,0,U,0,U,0,U,0,U,0,U,0,U,0,U,0,U,0,U,0,U,0,U,0,U,0,U,0,U,0,U,0,U,0,U,0,U,0,U,0,U,0,U,0,U,0,U,0,U,0,U,0,U,0,U,0,U,0,U,0,U,0,U,0,U,0,U,0,U,0,U,0,U,0,U,0,U,0,U,0,U,0,U,0,U,0,U,0,U,0,U,0,U,0,U,0,U,0,U,0,U,0,U,0,U,0,U,0,U,0,U,0,U,0,U,0,U,0,U,0,U,0,U,0,U,0,U,0,U,0,U,0,U,0,U,0,U,0,U,0,U,0,U,0,U,0,U,0,U,0,U,0,U,0,U,0,U,0,U,0,U,0,U,0,U,0,U,0,U,0,U,0,U,0,U,0,U,0,U,0,U,0,U,0,U,0,U,0,U,0,U,0,U,0,U,0,U,0,U,0,U,0,U,0,U,0,U,0,U,0,U,0,U,0,U,0,U,0,U,0,U,0,U,0,U,0,U,0,U,0,U,0,U,0,U,0,U,0,U,0,U,0,U,0,U
PCB 66/80,0,U,0,U,0,U,0,U,0,U,0,U,0,U,0,U,0,U,0,U,0,U,0,U,0,U,0,U,0,U,0,U,0,U,0,U,0,U,0,U,0,U,0.04,J,0,U,0,U,0,U,0,U,0,U,0,U,0,U,0,U,0,U,0,U,0,U,0,U,0,U,0,U,0,U,0,U,0,U,0,U,0,U,0,U,0,U,0,U,0,U,0,U,0,U,0,U,0,U,0,U,0,U,0,U,0,U,0,U,0,U,0,U,0,U,0,U,0,U,0,U,0,U,0,U,0,U,0,U,0,U,0,U,0,U,0,U,0,U,0,U,0,U,0,U,0,U,0,U,0,U,0,U,0,U,0,U,0,U,0,U,0,U,0,U,0,U,0,U,0,U,0,U,0,U,0,U,0,U,0,U,0,U,0,U,0,U,0,U,0,U,0,U,0,U,0,U,0,U,0,U,0,U,0,U,0,U,0,U,0,U,0,U,0,U,0,U,0,U,0,U,0,U,0,U,0,U,0,U,0,U,0,U,0,U,0,U,0,U,0,U,0,U,0,U,0,U,0,U,0,U,0,U,0,U,0,U,0,U,0,U,0,U,0,U,0,U,0,U,0,U,0,U
PCB 55,0,U,0,U,0,U,0,U,0,U,0,U,0,U,0,U,0,U,0,U,0,U,0,U,0,U,0,U,0,U,0,U,0,U,0,U,0,U,0,U,0,U,0,U,0,U,0,U,0,U,0,U,0,U,0,U,0,U,0,U,0,U,0,U,0,U,0,U,0,U,0,U,0,U,0,U,0,U,0,U,0,U,0,U,0,U,0,U,0,U,0,U,0,U,0,U,0,U,0,U,0,U,0,U,0,U,0,U,0,U,0,U,0,U,0,U,0,U,0,U,0,U,0,U,0,U,0,U,0,U,0,U,0,U,0,U,0,U,0,U,0,U,0,U,0,U,0,U,0,U,0,U,0,U,0,U,0,U,0,U,0,U,0,U,0,U,0,U,0,U,0,U,0,U,0,U,0,U,0,U,0,U,0,U,0,U,0,U,0,U,0,U,0,U,0,U,0,U,0,U,0,U,0,U,0,U,0,U,0,U,0,U,0,U,0,U,0,U,0,U,0,U,0,U,0,U,0,U,0,U,0,U,0,U,0,U,0,U,0,U,0,U,0,U,0,U,0,U,0,U,0,U,0,U,0,U,0,U,0,U,0,U,0,U,0,U,0,U,0,U,0,U
PCB 56,0,U,0,U,0,U,0,U,0,U,0,U,0,U,0,U,0,U,0,U,0,U,0,U,0,U,0,U,0,U,0,U,0,U,0,U,0,U,0,U,0,U,0,U,0,U,0,U,0,U,0,U,0,U,0,U,0,U,0,U,0,U,0,U,0,U,0,U,0,U,0,U,0,U,0,U,0,U,0,U,0,U,0,U,0,U,0,U,0,U,0,U,0,U,0,U,0,U,0,U,0,U,0,U,0,U,0,U,0,U,0,U,0,U,0,U,0,U,0,U,0,U,0,U,0,U,0,U,0,U,0,U,0,U,0,U,0,U,0,U,0,U,0,U,0,U,0,U,0,U,0,U,0,U,0,U,0,U,0,U,0,U,0,U,0,U,0,U,0,U,0,U,0,U,0,U,0,U,0,U,0,U,0,U,0,U,0,U,0,U,0,U,0,U,0,U,0,U,0,U,0,U,0,U,0,U,0,U,0,U,0,U,0,U,0,U,0,U,0,U,0,U,0,U,0,U,0,U,0,U,0,U,0,U,0,U,0,U,0,U,0,U,0,U,0,U,0,U,0,U,0,U,0,U,0,U,0,U,0,U,0,U,0,U,0,U,0,U,0,U,0,U
PCB 60,0,U,0,U,0,U,0,U,0,U,0,U,0,U,0,U,0,U,0,U,0,U,0,U,0,U,0,U,0,U,0,U,0,U,0,U,0,U,0,U,0,U,0,U,0,U,0,U,0,U,0,U,0,U,0,U,0,U,0,U,0,U,0,U,0,U,0,U,0,U,0,U,0,U,0,U,0,U,0,U,0,U,0,U,0,U,0,U,0,U,0,U,0,U,0,U,0,U,0,U,0,U,0,U,0,U,0,U,0,U,0,U,0,U,0,U,0,U,0,U,0,U,0,U,0,U,0,U,0,U,0,U,0,U,0,U,0,U,0,U,0,U,0,U,0,U,0,U,0,U,0,U,0,U,0,U,0,U,0,U,0,U,0,U,0,U,0,U,0,U,0,U,0,U,0,U,0,U,0,U,0,U,0,U,0,U,0,U,0,U,0,U,0,U,0,U,0,U,0,U,0,U,0,U,0,U,0,U,0,U,0,U,0,U,0,U,0,U,0,U,0,U,0,U,0,U,0,U,0,U,0,U,0,U,0,U,0,U,0,U,0,U,0,U,0,U,0,U,0,U,0,U,0,U,0,U,0,U,0,U,0,U,0,U,0,U,0,U,0,U,0,U
PCB 79,0,U,0,U,0,U,0,U,0,U,0,U,0,U,0,U,0,U,0,U,0,U,0,U,0,U,0,U,0,U,0,U,0,U,0,U,0,U,0,U,0,U,0,U,0,U,0,U,0,U,0,U,0,U,0,U,0,U,0,U,0,U,0,U,0,U,0,U,0,U,0,U,0,U,0,U,0,U,0,U,0,U,0,U,0,U,0,U,0,U,0,U,0,U,0,U,0,U,0,U,0,U,0,U,0,U,0,U,0,U,0,U,0,U,0,U,0,U,0,U,0,U,0,U,0,U,0,U,0,U,0,U,0,U,0,U,0,U,0,U,0,U,0,U,0,U,0,U,0,U,0,U,0,U,0,U,0,U,0,U,0,U,0,U,0,U,0,U,0,U,0,U,0,U,0,U,0,U,0,U,0,U,0,U,0,U,0,U,0,U,0,U,0,U,0,U,0,U,0,U,0,U,0,U,0,U,0,U,0,U,0,U,0,U,0,U,0,U,0,U,0,U,0,U,0,U,0,U,0,U,0,U,0,U,0,U,0,U,0,U,0,U,0,U,0,U,0,U,0,U,0,U,0,U,0,U,0,U,0,U,0,U,0,U,0,U,0,U,0,U,0,U
PCB 78,0,U,0,U,0,U,0,U,0,U,0,U,0,U,0,U,0,U,0,U,0,U,0,U,0,U,0,U,0,U,0,U,0,U,0,U,0,U,0,U,0,U,0,U,0,U,0,U,0,U,0,U,0,U,0,U,0,U,0,U,0,U,0,U,0,U,0,U,0,U,0,U,0,U,0,U,0,U,0,U,0,U,0,U,0,U,0,U,0,U,0,U,0,U,0,U,0,U,0,U,0,U,0,U,0,U,0,U,0,U,0,U,0,U,0,U,0,U,0,U,0,U,0,U,0,U,0,U,0,U,0,U,0,U,0,U,0,U,0,U,0,U,0,U,0,U,0,U,0,U,0,U,0,U,0,U,0,U,0,U,0,U,0,U,0,U,0,U,0,U,0,U,0,U,0,U,0,U,0,U,0,U,0,U,0,U,0,U,0,U,0,U,0,U,0,U,0,U,0,U,0,U,0,U,0,U,0,U,0,U,0,U,0,U,0,U,0,U,0,U,0,U,0,U,0,U,0,U,0,U,0,U,0,U,0,U,0,U,0,U,0,U,0,U,0,U,0,U,0,U,0,U,0,U,0,U,0,U,0,U,0,U,0,U,0,U,0,U,0,U,0,U
PCB 81,0,U,0,U,0,U,0,U,0,U,0,U,0,U,0,U,0,U,0,U,0,U,0,U,0,U,0,U,0,U,0,U,0,U,0,U,0,U,0,U,0,U,0,U,0,U,0,U,0,U,0,U,0,U,0,U,0,U,0,U,0,U,0,U,0,U,0,U,0,U,0,U,0,U,0,U,0,U,0,U,0,U,0,U,0,U,0,U,0,U,0,U,0,U,0,U,0,U,0,U,0,U,0,U,0,U,0,U,0,U,0,U,0,U,0,U,0,U,0,U,0,U,0,U,0,U,0,U,0,U,0,U,0,U,0,U,0,U,0,U,0,U,0,U,0,U,0,U,0,U,0,U,0,U,0,U,0,U,0,U,0,U,0,U,0,U,0,U,0,U,0,U,0,U,0,U,0,U,0,U,0,U,0,U,0,U,0,U,0,U,0,U,0,U,0,U,0,U,0,U,0,U,0,U,0,U,0,U,0,U,0,U,0,U,0,U,0,U,0,U,0,U,0,U,0,U,0,U,0,U,0,U,0,U,0,U,0,U,0,U,0,U,0,U,0,U,0,U,0,U,0,U,0,U,0,U,0,U,0,U,0,U,0,U,0,U,0,U,0,U,0,U
PCB 77,0,U,0,U,0,U,0,U,0,U,0,U,0,U,0,U,0,U,0,U,0,U,0,U,0,U,0,U,0,U,0,U,0,U,0,U,0,U,0,U,0,U,0,U,0,U,0,U,0,U,0,U,0,U,0,U,0,U,0,U,0,U,0,U,0,U,0,U,0,U,0,U,0,U,0,U,0,U,0,U,0,U,0,U,0,U,0,U,0,U,0,U,0,U,0,U,0,U,0,U,0,U,0,U,0,U,0,U,0,U,0,U,0,U,0,U,0,U,0,U,0,U,0,U,0,U,0,U,0,U,0,U,0,U,0,U,0,U,0,U,0,U,0,U,0,U,0,U,0,U,0,U,0,U,0,U,0,U,0,U,0,U,0,U,0,U,0,U,0,U,0,U,0,U,0,U,0,U,0,U,0,U,0,U,0,U,0,U,0,U,0,U,0,U,0,U,0,U,0,U,0,U,0,U,0,U,0,U,0,U,0,U,0,U,0,U,0,U,0,U,0,U,0,U,0,U,0,U,0,U,0,U,0,U,0,U,0,U,0,U,0,U,0,U,0,U,0,U,0,U,0,U,0,U,0,U,0,U,0,U,0,U,0,U,0,U,0,U,0,U,0,U
PCB 104,0,U,0,U,0,U,0,U,0,U,0,U,0,U,0,U,0,U,0,U,0,U,0,U,0,U,0,U,0,U,0,U,0,U,0,U,0,U,0,U,0,U,0,U,0,U,0,U,0,U,0,U,0,U,0,U,0,U,0,U,0,U,0,U,0,U,0,U,0,U,0,U,0,U,0,U,0,U,0,U,0,U,0,U,0,U,0,U,0,U,0,U,0,U,0,U,0,U,0,U,0,U,0,U,0,U,0,U,0,U,0,U,0,U,0,U,0,U,0,U,0,U,0,U,0,U,0,U,0,U,0,U,0,U,0,U,0,U,0,U,0,U,0,U,0,U,0,U,0,U,0,U,0,U,0,U,0,U,0,U,0,U,0,U,0,U,0,U,0,U,0,U,0,U,0,U,0,U,0,U,0,U,0,U,0,U,0,U,0,U,0,U,0,U,0,U,0,U,0,U,0,U,0,U,0,U,0,U,0,U,0,U,0,U,0,U,0,U,0,U,0,U,0,U,0,U,0,U,0,U,0,U,0,U,0,U,0,U,0,U,0,U,0,U,0,U,0,U,0,U,0,U,0,U,0,U,0,U,0,U,0,U,0,U,0,U,0,U,0,U,0,U
PCB 96/103,0,U,0,U,0,U,0,U,0,U,0,U,0,U,0,U,0,U,0,U,0,U,0,U,0,U,0,U,0,U,0,U,0,U,0,U,0,U,0,U,0,U,0,U,0,U,0,U,0,U,0,U,0,U,0,U,0,U,0,U,0,U,0,U,0,U,0,U,0,U,0,U,0,U,0,U,0,U,0,U,0,U,0,U,0,U,0,U,0,U,0,U,0,U,0,U,0,U,0,U,0,U,0,U,0,U,0,U,0,U,0,U,0,U,0,U,0,U,0,U,0,U,0,U,0,U,0,U,0,U,0,U,0,U,0,U,0,U,0,U,0,U,0,U,0,U,0,U,0,U,0,U,0,U,0,U,0,U,0,U,0,U,0,U,0,U,0,U,0,U,0,U,0,U,0,U,0,U,0,U,0,U,0,U,0,U,0,U,0,U,0,U,0,U,0,U,0,U,0,U,0,U,0,U,0,U,0,U,0,U,0,U,0,U,0,U,0,U,0,U,0,U,0,U,0,U,0,U,0,U,0,U,0,U,0,U,0,U,0,U,0,U,0,U,0,U,0,U,0,U,0,U,0,U,0,U,0,U,0,U,0,U,0,U,0,U,0,U,0,U,0,U
PCB 100,0,U,0,U,0,U,0,U,0,U,0,U,0,U,0,U,0,U,0,U,0,U,0,U,0,U,0,U,0,U,0,U,0,U,0,U,0,U,0,U,0,U,0,U,0,U,0,U,0,U,0,U,0,U,0,U,0,U,0,U,0,U,0,U,0,U,0,U,0,U,0,U,0,U,0,U,0,U,0,U,0,U,0,U,0,U,0,U,0,U,0,U,0,U,0,U,0,U,0,U,0,U,0,U,0,U,0,U,0,U,0,U,0,U,0,U,0,U,0,U,0,U,0,U,0,U,0,U,0,U,0,U,0,U,0,U,0,U,0,U,0,U,0,U,0,U,0,U,0,U,0,U,0,U,0,U,0,U,0,U,0,U,0,U,0,U,0,U,0,U,0,U,0,U,0,U,0,U,0,U,0,U,0,U,0,U,0,U,0,U,0,U,0,U,0,U,0,U,0,U,0,U,0,U,0,U,0,U,0,U,0,U,0,U,0,U,0,U,0,U,0,U,0,U,0,U,0,U,0,U,0,U,0,U,0,U,0,U,0,U,0,U,0,U,0,U,0,U,0,U,0,U,0,U,0,U,0,U,0,U,0,U,0,U,0,U,0,U,0,U,0,U
PCB 94,0,U,0,U,0,U,0,U,0,U,0,U,0,U,0,U,0,U,0,U,0,U,0,U,0,U,0,U,0,U,0,U,0,U,0,U,0,U,0,U,0,U,0,U,0,U,0,U,0,U,0,U,0,U,0,U,0,U,0,U,0,U,0,U,0,U,0,U,0,U,0,U,0,U,0,U,0,U,0,U,0,U,0,U,0,U,0,U,0,U,0,U,0,U,0,U,0,U,0,U,0,U,0,U,0,U,0,U,0,U,0,U,0,U,0,U,0,U,0,U,0,U,0,U,0,U,0,U,0,U,0,U,0,U,0,U,0,U,0,U,0,U,0,U,0,U,0,U,0,U,0,U,0,U,0,U,0,U,0,U,0,U,0,U,0,U,0,U,0,U,0,U,0,U,0,U,0,U,0,U,0,U,0,U,0,U,0,U,0,U,0,U,0,U,0,U,0,U,0,U,0,U,0,U,0,U,0,U,0,U,0,U,0,U,0,U,0,U,0,U,0,U,0,U,0,U,0,U,0,U,0,U,0,U,0,U,0,U,0,U,0,U,0,U,0,U,0,U,0,U,0,U,0,U,0,U,0,U,0,U,0,U,0,U,0,U,0,U,0,U,0,U
PCB 102/98,0,U,0,U,0,U,0,U,0,U,0,U,0,U,0,U,0,U,0,U,0,U,0,U,0,U,0,U,0,U,0,U,0,U,0,U,0,U,0,U,0,U,0,U,0,U,0,U,0,U,0,U,0,U,0,U,0,U,0,U,0,U,0,U,0,U,0,U,0,U,0,U,0,U,0,U,0,U,0,U,0,U,0,U,0,U,0,U,0,U,0,U,0,U,0,U,0,U,0,U,0,U,0,U,0,U,0,U,0,U,0,U,0,U,0,U,0,U,0,U,0,U,0,U,0,U,0,U,0,U,0,U,0,U,0,U,0,U,0,U,0,U,0,U,0,U,0,U,0,U,0,U,0,U,0,U,0,U,0,U,0,U,0,U,0,U,0,U,0,U,0,U,0,U,0,U,0,U,0,U,0,U,0,U,0,U,0,U,0,U,0,U,0,U,0,U,0,U,0,U,0,U,0,U,0,U,0,U,0,U,0,U,0,U,0,U,0,U,0,U,0,U,0,U,0,U,0,U,0,U,0,U,0,U,0,U,0,U,0,U,0,U,0,U,0,U,0,U,0,U,0,U,0,U,0,U,0,U,0,U,0,U,0,U,0,U,0,U,0,U,0,U
PCB 121/93/95,0,U,0,U,0,U,0,U,0,U,0,U,0,U,0,U,0,U,0,U,0,U,0,U,0,U,0,U,0,U,0,U,0,U,0,U,0,U,0,U,0,U,0,U,0,U,0,U,0,U,0,U,0,U,0,U,0,U,0,U,0,U,0,U,0,U,0,U,0,U,0,U,0,U,0,U,0,U,0,U,0,U,0,U,0,U,0,U,0,U,0,U,0,U,0,U,0,U,0,U,0,U,0,U,0,U,0,U,0,U,0,U,0,U,0,U,0,U,0,U,0,U,0,U,0,U,0,U,0,U,0,U,0,U,0,U,0,U,0,U,0,U,0,U,0,U,0,U,0,U,0,U,0,U,0,U,0,U,0,U,0,U,0,U,0,U,0,U,0,U,0,U,0,U,0,U,0,U,0,U,0,U,0,U,0,U,0,U,0,U,0,U,0,U,0,U,0,U,0,U,0,U,0,U,0,U,0,U,0,U,0,U,0,U,0,U,0,U,0,U,0,U,0,U,0,U,0,U,0,U,0,U,0,U,0,U,0,U,0,U,0,U,0,U,0,U,0,U,0,U,0,U,0,U,0,U,0,U,0,U,0,U,0,U,0,U,0,U,0,U,0,U
PCB 88,0,U,0,U,0,U,0,U,0,U,0,U,0,U,0,U,0,U,0,U,0,U,0,U,0,U,0,U,0,U,0,U,0,U,0,U,0,U,0,U,0,U,0,U,0,U,0,U,0,U,0,U,0,U,0,U,0,U,0,U,0,U,0,U,0,U,0,U,0,U,0,U,0,U,0,U,0,U,0,U,0,U,0,U,0,U,0,U,0,U,0,U,0,U,0,U,0,U,0,U,0,U,0,U,0,U,0,U,0,U,0,U,0,U,0,U,0,U,0,U,0,U,0,U,0,U,0,U,0,U,0,U,0,U,0,U,0,U,0,U,0,U,0,U,0,U,0,U,0,U,0,U,0,U,0,U,0,U,0,U,0,U,0,U,0,U,0,U,0,U,0,U,0,U,0,U,0,U,0,U,0,U,0,U,0,U,0,U,0,U,0,U,0,U,0,U,0,U,0,U,0,U,0,U,0,U,0,U,0,U,0,U,0,U,0,U,0,U,0,U,0,U,0,U,0,U,0,U,0,U,0,U,0,U,0,U,0,U,0,U,0,U,0,U,0,U,0,U,0,U,0,U,0,U,0,U,0,U,0,U,0,U,0,U,0,U,0,U,0,U,0,U
PCB 91,0,U,0,U,0,U,0,U,0,U,0,U,0,U,0,U,0,U,0,U,0,U,0,U,0,U,0,U,0,U,0,U,0,U,0,U,0,U,0,U,0,U,0,U,0,U,0,U,0,U,0,U,0,U,0,U,0,U,0,U,0,U,0,U,0,U,0,U,0,U,0,U,0,U,0,U,0,U,0,U,0,U,0,U,0,U,0,U,0,U,0,U,0,U,0,U,0,U,0,U,0,U,0,U,0,U,0,U,0,U,0,U,0,U,0,U,0,U,0,U,0,U,0,U,0,U,0,U,0,U,0,U,0,U,0,U,0,U,0,U,0,U,0,U,0,U,0,U,0,U,0,U,0,U,0,U,0,U,0,U,0,U,0,U,0,U,0,U,0,U,0,U,0,U,0,U,0,U,0,U,0,U,0,U,0,U,0,U,0,U,0,U,0,U,0,U,0,U,0,U,0,U,0,U,0,U,0,U,0,U,0,U,0,U,0,U,0,U,0,U,0,U,0,U,0,U,0,U,0,U,0,U,0,U,0,U,0,U,0,U,0,U,0,U,0,U,0,U,0,U,0,U,0,U,0,U,0,U,0,U,0,U,0,U,0,U,0,U,0,U,0,U
PCB 92,0,U,0,U,0,U,0,U,0,U,0,U,0,U,0,U,0,U,0,U,0,U,0,U,0,U,0,U,0,U,0,U,0,U,0,U,0,U,0,U,0,U,0,U,0,U,0,U,0,U,0,U,0,U,0,U,0,U,0,U,0,U,0,U,0,U,0,U,0,U,0,U,0,U,0,U,0,U,0,U,0,U,0,U,0,U,0,U,0,U,0,U,0,U,0,U,0,U,0,U,0,U,0,U,0,U,0,U,0,U,0,U,0,U,0,U,0,U,0,U,0,U,0,U,0,U,0,U,0,U,0,U,0,U,0,U,0,U,0,U,0,U,0,U,0,U,0,U,0,U,0,U,0,U,0,U,0,U,0,U,0,U,0,U,0,U,0,U,0,U,0,U,0,U,0,U,0,U,0,U,0,U,0,U,0,U,0,U,0,U,0,U,0,U,0,U,0,U,0,U,0,U,0,U,0,U,0,U,0,U,0,U,0,U,0,U,0,U,0,U,0,U,0,U,0,U,0,U,0,U,0,U,0,U,0,U,0,U,0,U,0,U,0,U,0,U,0,U,0,U,0,U,0,U,0,U,0,U,0,U,0,U,0,U,0,U,0,U,0,U,0,U
PCB 101/84/90,0,U,0,U,0,U,0,U,0,U,0,U,0,U,0,U,0,U,0,U,0,U,0,U,0,U,0,U,0,U,0,U,0,U,0,U,0,U,0,U,0,U,0,U,0,U,0,U,0,U,0,U,0,U,0,U,0,U,0,U,0,U,0.08,J,0,U,0,U,0,U,0,U,0,U,0,U,0,U,0,U,0,U,0,U,0,U,0,U,0,U,0,U,0,U,0,U,0,U,0,U,0,U,0,U,0,U,0,U,0,U,0,U,0,U,0.09,J,0,U,0,U,0,U,0,U,0,U,0,U,0,U,0,U,0,U,0,U,0,U,0,U,0,U,0.06,J,0,U,0,U,0,U,0,U,0,U,0,U,0,U,0,U,0,U,0,U,0,U,0,U,0,U,0,U,0,U,0,U,0,U,0,U,0,U,0,U,0,U,0,U,0,U,0,U,0,U,0,U,0,U,0,U,0,U,0,U,0,U,0,U,0,U,0,U,0,U,0,U,0,U,0,U,0,U,0,U,0,U,0,U,0,U,0,U,0,U,0,U,0,U,0,U,0,U,0,U,0,U,0,U,0,U,0,U,0,U,0,U,0,U,0,U,0,U,0,U,0,U,0,U,0,U,0,U
PCB 89/113,0,U,0,U,0,U,0,U,0,U,0,U,0,U,0,U,0,U,0,U,0,U,0,U,0,U,0,U,0,U,0,U,0,U,0,U,0,U,0,U,0,U,0,U,0,U,0,U,0,U,0,U,0,U,0,U,0,U,0,U,0,U,0,U,0,U,0,U,0,U,0,U,0,U,0,U,0,U,0,U,0,U,0,U,0,U,0,U,0,U,0,U,0,U,0,U,0,U,0,U,0,U,0,U,0,U,0,U,0,U,0,U,0,U,0,U,0,U,0,U,0,U,0,U,0,U,0,U,0,U,0,U,0,U,0,U,0,U,0,U,0,U,0,U,0,U,0,U,0,U,0,U,0,U,0,U,0,U,0,U,0,U,0,U,0,U,0,U,0,U,0,U,0,U,0,U,0,U,0,U,0,U,0,U,0,U,0,U,0,U,0,U,0,U,0,U,0,U,0,U,0,U,0,U,0,U,0,U,0,U,0,U,0,U,0,U,0,U,0,U,0,U,0,U,0,U,0,U,0,U,0,U,0,U,0,U,0,U,0,U,0,U,0,U,0,U,0,U,0,U,0,U,0,U,0,U,0,U,0,U,0,U,0,U,0,U,0,U,0,U,0,U
PCB 99,0,U,0,U,0,U,0,U,0,U,0,U,0,U,0,U,0,U,0,U,0,U,0,U,0,U,0,U,0,U,0,U,0,U,0,U,0,U,0,U,0,U,0,U,0,U,0,U,0,U,0,U,0,U,0,U,0,U,0,U,0,U,0,U,0,U,0,U,0,U,0,U,0,U,0,U,0,U,0,U,0,U,0,U,0,U,0,U,0,U,0,U,0,U,0,U,0,U,0,U,0,U,0,U,0,U,0,U,0,U,0,U,0,U,0.1, ,0,U,0,U,0,U,0,U,0,U,0,U,0,U,0,U,0,U,0,U,0,U,0,U,0,U,0,U,0,U,0,U,0,U,0,U,0,U,0,U,0,U,0,U,0,U,0,U,0,U,0,U,0,U,0,U,0,U,0,U,0,U,0,U,0,U,0,U,0,U,0,U,0,U,0,U,0,U,0,U,0,U,0,U,0,U,0,U,0,U,0,U,0,U,0,U,0,U,0,U,0,U,0,U,0,U,0,U,0,U,0,U,0,U,0,U,0,U,0,U,0,U,0,U,0,U,0,U,0,U,0,U,0,U,0,U,0,U,0,U,0,U,0,U,0,U,0,U,0,U,0,U,0,U,0,U
PCB 119,0,U,0,U,0,U,0,U,0,U,0,U,0,U,0,U,0,U,0,U,0,U,0,U,0,U,0,U,0,U,0,U,0,U,0,U,0,U,0,U,0,U,0,U,0,U,0,U,0,U,0,U,0,U,0,U,0,U,0,U,0,U,0,U,0,U,0,U,0,U,0,U,0,U,0,U,0,U,0,U,0,U,0,U,0,U,0,U,0,U,0,U,0,U,0,U,0,U,0,U,0,U,0,U,0,U,0,U,0,U,0,U,0,U,0,U,0,U,0,U,0,U,0,U,0,U,0,U,0,U,0,U,0,U,0,U,0,U,0,U,0,U,0,U,0,U,0,U,0,U,0,U,0,U,0,U,0,U,0,U,0,U,0,U,0,U,0,U,0,U,0,U,0,U,0,U,0,U,0,U,0,U,0,U,0,U,0,U,0,U,0,U,0,U,0,U,0,U,0,U,0,U,0,U,0,U,0,U,0,U,0,U,0,U,0,U,0,U,0,U,0,U,0,U,0,U,0,U,0,U,0,U,0,U,0,U,0,U,0,U,0,U,0,U,0,U,0,U,0,U,0,U,0,U,0,U,0,U,0,U,0,U,0,U,0,U,0,U,0,U,0,U
PCB 112,0,U,0,U,0,U,0,U,0,U,0,U,0,U,0,U,0,U,0,U,0,U,0,U,0,U,0,U,0,U,0,U,0,U,0,U,0,U,0,U,0,U,0,U,0,U,0,U,0,U,0,U,0,U,0,U,0,U,0,U,0,U,0,U,0,U,0,U,0,U,0,U,0,U,0,U,0,U,0,U,0,U,0,U,0,U,0,U,0,U,0,U,0,U,0,U,0,U,0,U,0,U,0,U,0,U,0,U,0,U,0,U,0,U,0,U,0,U,0,U,0,U,0,U,0,U,0,U,0,U,0,U,0,U,0,U,0,U,0,U,0,U,0,U,0,U,0,U,0,U,0,U,0,U,0,U,0,U,0,U,0,U,0,U,0,U,0,U,0,U,0,U,0,U,0,U,0,U,0,U,0,U,0,U,0,U,0,U,0,U,0,U,0,U,0,U,0,U,0,U,0,U,0,U,0,U,0,U,0,U,0,U,0,U,0,U,0,U,0,U,0,U,0,U,0,U,0,U,0,U,0,U,0,U,0,U,0,U,0,U,0,U,0,U,0,U,0,U,0,U,0,U,0,U,0,U,0,U,0,U,0,U,0,U,0,U,0,U,0,U,0,U
PCB 120/83,0,U,0,U,0,U,0,U,0,U,0,U,0,U,0,U,0,U,0,U,0,U,0,U,0,U,0,U,0,U,0,U,0,U,0,U,0,U,0,U,0,U,0,U,0,U,0,U,0,U,0,U,0,U,0,U,0,U,0,U,0,U,0,U,0,U,0,U,0,U,0,U,0,U,0,U,0,U,0,U,0,U,0,U,0,U,0,U,0,U,0,U,0,U,0,U,0,U,0,U,0,U,0,U,0,U,0,U,0,U,0,U,0,U,0,U,0,U,0,U,0,U,0,U,0,U,0,U,0,U,0,U,0,U,0,U,0,U,0,U,0,U,0,U,0,U,0,U,0,U,0,U,0,U,0,U,0,U,0,U,0,U,0,U,0,U,0,U,0,U,0,U,0,U,0,U,0,U,0,U,0,U,0,U,0,U,0,U,0,U,0,U,0,U,0,U,0,U,0,U,0,U,0,U,0,U,0,U,0,U,0,U,0,U,0,U,0,U,0,U,0,U,0,U,0,U,0,U,0,U,0,U,0,U,0,U,0,U,0,U,0,U,0,U,0,U,0,U,0,U,0,U,0,U,0,U,0,U,0,U,0,U,0,U,0,U,0,U,0,U,0,U
PCB 97/125/86,0,U,0,U,0,U,0,U,0,U,0,U,0,U,0,U,0,U,0,U,0,U,0,U,0,U,0,U,0,U,0,U,0,U,0,U,0,U,0,U,0,U,0,U,0,U,0,U,0,U,0,U,0,U,0,U,0,U,0,U,0,U,0,U,0,U,0,U,0,U,0,U,0,U,0,U,0,U,0,U,0,U,0,U,0,U,0,U,0,U,0,U,0,U,0,U,0,U,0,U,0,U,0,U,0,U,0,U,0,U,0,U,0,U,0,U,0,U,0,U,0,U,0,U,0,U,0,U,0,U,0,U,0,U,0,U,0,U,0,U,0,U,0,U,0,U,0,U,0,U,0,U,0,U,0,U,0,U,0,U,0,U,0,U,0,U,0,U,0,U,0,U,0,U,0,U,0,U,0,U,0,U,0,U,0,U,0,U,0,U,0,U,0,U,0,U,0,U,0,U,0,U,0,U,0,U,0,U,0,U,0,U,0,U,0,U,0,U,0,U,0,U,0,U,0,U,0,U,0,U,0,U,0,U,0,U,0,U,0,U,0,U,0,U,0,U,0,U,0,U,0,U,0,U,0,U,0,U,0,U,0,U,0,U,0,U,0,U,0,U,0,U
PCB 116/117,0,U,0,U,0,U,0,U,0,U,0,U,0,U,0,U,0,U,0,U,0,U,0,U,0,U,0,U,0,U,0,U,0,U,0,U,0,U,0,U,0,U,0,U,0,U,0,U,0,U,0,U,0,U,0,U,0,U,0,U,0,U,0,U,0,U,0,U,0,U,0,U,0,U,0,U,0,U,0,U,0,U,0,U,0,U,0,U,0,U,0,U,0,U,0,U,0,U,0,U,0,U,0,U,0,U,0,U,0,U,0,U,0,U,0,U,0,U,0,U,0,U,0,U,0,U,0,U,0,U,0,U,0,U,0,U,0,U,0,U,0,U,0,U,0,U,0,U,0,U,0,U,0,U,0,U,0,U,0,U,0,U,0,U,0,U,0,U,0,U,0,U,0,U,0,U,0,U,0,U,0,U,0,U,0,U,0,U,0,U,0,U,0,U,0,U,0,U,0,U,0,U,0,U,0,U,0,U,0,U,0,U,0,U,0,U,0,U,0,U,0,U,0,U,0,U,0,U,0,U,0,U,0,U,0,U,0,U,0,U,0,U,0,U,0,U,0,U,0,U,0,U,0,U,0,U,0,U,0,U,0,U,0,U,0,U,0,U,0,U,0,U
PCB 111/115/87,0,U,0,U,0,U,0,U,0,U,0,U,0,U,0,U,0,U,0,U,0,U,0,U,0,U,0,U,0,U,0,U,0,U,0,U,0,U,0,U,0,U,0,U,0,U,0,U,0,U,0,U,0,U,0,U,0,U,0,U,0,U,0,U,0,U,0,U,0,U,0,U,0,U,0,U,0,U,0,U,0,U,0,U,0,U,0,U,0,U,0,U,0,U,0,U,0,U,0,U,0,U,0,U,0,U,0,U,0,U,0,U,0,U,0,U,0,U,0.08,J,0,U,0,U,0,U,0,U,0,U,0,U,0,U,0,U,0,U,0,U,0,U,0,U,0,U,0,U,0,U,0,U,0,U,0,U,0,U,0,U,0,U,0,U,0,U,0,U,0,U,0,U,0,U,0,U,0,U,0,U,0,U,0,U,0,U,0,U,0,U,0,U,0,U,0,U,0,U,0,U,0,U,0,U,0,U,0,U,0,U,0,U,0,U,0,U,0,U,0,U,0,U,0,U,0,U,0,U,0,U,0,U,0,U,0,U,0,U,0,U,0,U,0,U,0,U,0,U,0,U,0,U,0,U,0,U,0,U,0,U,0,U,0,U,0,U,0,U,0,U,0,U
PCB 109,0,U,0,U,0,U,0,U,0,U,0,U,0,U,0,U,0,U,0,U,0,U,0,U,0,U,0,U,0,U,0,U,0,U,0,U,0,U,0,U,0,U,0,U,0,U,0,U,0,U,0,U,0,U,0,U,0,U,0,U,0,U,0,U,0,U,0,U,0,U,0,U,0,U,0,U,0,U,0,U,0,U,0,U,0,U,0,U,0,U,0,U,0,U,0,U,0,U,0,U,0,U,0,U,0,U,0,U,0,U,0,U,0,U,0,U,0,U,0,U,0,U,0,U,0,U,0,U,0,U,0,U,0,U,0,U,0,U,0,U,0,U,0,U,0,U,0,U,0,U,0,U,0,U,0,U,0,U,0,U,0,U,0,U,0,U,0,U,0,U,0,U,0,U,0,U,0,U,0,U,0,U,0,U,0,U,0,U,0,U,0,U,0,U,0,U,0,U,0,U,0,U,0,U,0,U,0,U,0,U,0,U,0,U,0,U,0,U,0,U,0,U,0,U,0,U,0,U,0,U,0,U,0,U,0,U,0,U,0,U,0,U,0,U,0,U,0,U,0,U,0,U,0,U,0,U,0,U,0,U,0,U,0,U,0,U,0,U,0,U,0,U
PCB 85,0,U,0,U,0,U,0,U,0,U,0,U,0,U,0,U,0,U,0,U,0,U,0,U,0,U,0,U,0,U,0,U,0,U,0,U,0,U,0,U,0,U,0,U,0,U,0,U,0,U,0,U,0,U,0,U,0,U,0,U,0,U,0,U,0,U,0,U,0,U,0,U,0,U,0,U,0,U,0,U,0,U,0,U,0,U,0,U,0,U,0,U,0,U,0,U,0,U,0,U,0,U,0,U,0,U,0,U,0,U,0,U,0,U,0,U,0,U,0,U,0,U,0,U,0,U,0,U,0,U,0,U,0,U,0,U,0,U,0,U,0,U,0,U,0,U,0,U,0,U,0,U,0,U,0,U,0,U,0,U,0,U,0,U,0,U,0,U,0,U,0,U,0,U,0,U,0,U,0,U,0,U,0,U,0,U,0,U,0,U,0,U,0,U,0,U,0,U,0,U,0,U,0,U,0,U,0,U,0,U,0,U,0,U,0,U,0,U,0,U,0,U,0,U,0,U,0,U,0,U,0,U,0,U,0,U,0,U,0,U,0,U,0,U,0,U,0,U,0,U,0,U,0,U,0,U,0,U,0,U,0,U,0,U,0,U,0,U,0,U,0,U
PCB 110,0,U,0,U,0,U,0,U,0,U,0,U,0,U,0,U,0,U,0,U,0,U,0,U,0,U,0,U,0,U,0,U,0,U,0,U,0,U,0,U,0,U,0,U,0,U,0,U,0,U,0,U,0,U,0,U,0,U,0,U,0,U,0,U,0,U,0,U,0,U,0,U,0,U,0,U,0,U,0,U,0,U,0,U,0,U,0,U,0,U,0,U,0,U,0,U,0,U,0,U,0,U,0,U,0,U,0,U,0,U,0,U,0,U,0,U,0,U,0,U,0,U,0,U,0,U,0,U,0,U,0,U,0,U,0,U,0,U,0,U,0,U,0,U,0,U,0,U,0,U,0,U,0,U,0,U,0,U,0,U,0,U,0,U,0,U,0,U,0,U,0,U,0,U,0,U,0,U,0,U,0,U,0,U,0,U,0,U,0,U,0,U,0,U,0,U,0,U,0,U,0,U,0,U,0,U,0,U,0,U,0,U,0,U,0,U,0,U,0,U,0,U,0,U,0,U,0,U,0,U,0,U,0,U,0,U,0,U,0,U,0,U,0,U,0,U,0,U,0,U,0,U,0,U,0,U,0,U,0,U,0,U,0,U,0,U,0,U,0,U,0,U
PCB 82,0,U,0,U,0,U,0,U,0,U,0,U,0,U,0,U,0,U,0,U,0,U,0,U,0,U,0,U,0,U,0,U,0,U,0,U,0,U,0,U,0,U,0,U,0,U,0,U,0,U,0,U,0,U,0,U,0,U,0,U,0,U,0,U,0,U,0,U,0,U,0,U,0,U,0,U,0,U,0,U,0,U,0,U,0,U,0,U,0,U,0,U,0,U,0,U,0,U,0,U,0,U,0,U,0,U,0,U,0,U,0,U,0,U,0,U,0,U,0,U,0,U,0,U,0,U,0,U,0,U,0,U,0,U,0,U,0,U,0,U,0,U,0,U,0,U,0,U,0,U,0,U,0,U,0,U,0,U,0,U,0,U,0,U,0,U,0,U,0,U,0,U,0,U,0,U,0,U,0,U,0,U,0,U,0,U,0,U,0,U,0,U,0,U,0,U,0,U,0,U,0,U,0,U,0,U,0,U,0,U,0,U,0,U,0,U,0,U,0,U,0,U,0,U,0,U,0,U,0,U,0,U,0,U,0,U,0,U,0,U,0,U,0,U,0,U,0,U,0,U,0,U,0,U,0,U,0,U,0,U,0,U,0,U,0,U,0,U,0,U,0,U
PCB 124,0,U,0,U,0,U,0,U,0,U,0,U,0,U,0,U,0,U,0,U,0,U,0,U,0,U,0,U,0,U,0,U,0,U,0,U,0,U,0,U,0,U,0,U,0,U,0,U,0,U,0,U,0,U,0,U,0,U,0,U,0,U,0,U,0,U,0,U,0,U,0,U,0,U,0,U,0,U,0,U,0,U,0,U,0,U,0,U,0,U,0,U,0,U,0,U,0,U,0,U,0,U,0,U,0,U,0,U,0,U,0,U,0,U,0,U,0,U,0,U,0,U,0,U,0,U,0,U,0,U,0,U,0,U,0,U,0,U,0,U,0,U,0,U,0,U,0,U,0,U,0,U,0,U,0,U,0,U,0,U,0,U,0,U,0,U,0,U,0,U,0,U,0,U,0,U,0,U,0,U,0,U,0,U,0,U,0,U,0,U,0,U,0,U,0,U,0,U,0,U,0,U,0,U,0,U,0,U,0,U,0,U,0,U,0,U,0,U,0,U,0,U,0,U,0,U,0,U,0,U,0,U,0,U,0,U,0,U,0,U,0,U,0,U,0,U,0,U,0,U,0,U,0,U,0,U,0,U,0,U,0,U,0,U,0,U,0,U,0,U,0,U
PCB 106/107,0,U,0,U,0,U,0,U,0,U,0,U,0,U,0,U,0,U,0,U,0,U,0,U,0,U,0,U,0,U,0,U,0,U,0,U,0,U,0,U,0,U,0,U,0,U,0,U,0,U,0,U,0,U,0,U,0,U,0,U,0,U,0,U,0,U,0,U,0,U,0,U,0,U,0,U,0,U,0,U,0,U,0,U,0,U,0,U,0,U,0,U,0,U,0,U,0,U,0,U,0,U,0,U,0,U,0,U,0,U,0,U,0,U,0,U,0,U,0,U,0,U,0,U,0,U,0,U,0,U,0,U,0,U,0,U,0,U,0,U,0,U,0,U,0,U,0,U,0,U,0,U,0,U,0,U,0,U,0,U,0,U,0,U,0,U,0,U,0,U,0,U,0,U,0,U,0,U,0,U,0,U,0,U,0,U,0,U,0,U,0,U,0,U,0,U,0,U,0,U,0,U,0,U,0,U,0,U,0,U,0,U,0,U,0,U,0,U,0,U,0,U,0,U,0,U,0,U,0,U,0,U,0,U,0,U,0,U,0,U,0,U,0,U,0,U,0,U,0,U,0,U,0,U,0,U,0,U,0,U,0,U,0,U,0,U,0,U,0,U,0,U
PCB 123,0,U,0,U,0,U,0,U,0,U,0,U,0,U,0,U,0,U,0,U,0,U,0,U,0,U,0,U,0,U,0,U,0,U,0,U,0,U,0,U,0,U,0,U,0,U,0,U,0,U,0,U,0,U,0,U,0,U,0,U,0,U,0,U,0,U,0,U,0,U,0,U,0,U,0,U,0,U,0,U,0,U,0,U,0,U,0,U,0,U,0,U,0,U,0,U,0,U,0,U,0,U,0,U,0,U,0,U,0,U,0,U,0,U,0,U,0,U,0,U,0,U,0,U,0,U,0,U,0,U,0,U,0,U,0,U,0,U,0,U,0,U,0,U,0,U,0,U,0,U,0,U,0,U,0,U,0,U,0,U,0,U,0,U,0,U,0,U,0,U,0,U,0,U,0,U,0,U,0,U,0,U,0,U,0,U,0,U,0,U,0,U,0,U,0,U,0,U,0,U,0,U,0,U,0,U,0,U,0,U,0,U,0,U,0,U,0,U,0,U,0,U,0,U,0,U,0,U,0,U,0,U,0,U,0,U,0,U,0,U,0,U,0,U,0,U,0,U,0,U,0,U,0,U,0,U,0,U,0,U,0,U,0,U,0,U,0,U,0,U,0,U
PCB 118/108,0,U,0,U,0,U,0,U,0,U,0,U,0,U,0,U,0,U,0,U,0,U,0,U,0,U,0,U,0,U,0,U,0,U,0,U,0,U,0,U,0,U,0,U,0,U,0,U,0,U,0,U,0,U,0,U,0,U,0,U,0.19, ,0.29, ,0,U,0.55, ,0,U,0,U,0,U,0,U,0,U,0,U,0,U,0,U,0,U,0,U,0,U,0,U,0,U,0,U,0,U,0,U,0,U,0,U,0,U,0,U,0,U,0,U,0,U,0.23, ,0,U,0,U,0,U,0,U,0.1,J,0.02,J,0,U,0,U,0,U,0,U,0,U,0,U,0,U,0.17, ,0,U,0,U,0,U,0,U,0,U,0,U,0,U,0,U,0,U,0,U,0,U,0,U,0,U,0,U,0,U,0,U,0,U,0,U,0,U,0,U,0,U,0,U,0,U,0,U,0,U,0,U,0.07,J,0,U,0,U,0,U,0,U,0,U,0,U,0,U,0,U,0,U,0,U,0,U,0,U,0,U,0,U,0,U,0,U,0,U,0,U,0,U,0,U,0,U,0,U,0,U,0,U,0,U,0,U,0,U,0,U,0,U,0,U,0,U,0,U,0,U,0.16, ,0,U,0,U,0,U
PCB 114/122,0,U,0,U,0,U,0,U,0,U,0,U,0,U,0,U,0,U,0,U,0,U,0,U,0,U,0,U,0,U,0,U,0,U,0,U,0,U,0,U,0,U,0,U,0,U,0,U,0,U,0,U,0,U,0,U,0,U,0,U,0,U,0,U,0,U,0,U,0,U,0,U,0,U,0,U,0,U,0,U,0,U,0,U,0,U,0,U,0,U,0,U,0,U,0,U,0,U,0,U,0,U,0,U,0,U,0,U,0,U,0,U,0,U,0,U,0,U,0,U,0,U,0,U,0,U,0,U,0,U,0,U,0,U,0,U,0,U,0,U,0,U,0,U,0,U,0,U,0,U,0,U,0,U,0,U,0,U,0,U,0,U,0,U,0,U,0,U,0,U,0,U,0,U,0,U,0,U,0,U,0,U,0,U,0,U,0,U,0,U,0,U,0,U,0,U,0,U,0,U,0,U,0,U,0,U,0,U,0,U,0,U,0,U,0,U,0,U,0,U,0,U,0,U,0,U,0,U,0,U,0,U,0,U,0,U,0,U,0,U,0,U,0,U,0,U,0,U,0,U,0,U,0,U,0,U,0,U,0,U,0,U,0,U,0,U,0,U,0,U,0,U
PCB 105/127,0,U,0,U,0,U,0,U,0,U,0,U,0,U,0,U,0,U,0,U,0,U,0,U,0,U,0,U,0,U,0,U,0,U,0,U,0,U,0,U,0,U,0,U,0,U,0,U,0,U,0,U,0,U,0,U,0,U,0,U,0,U,0.09, ,0,U,0,U,0,U,0,U,0,U,0,U,0,U,0,U,0,U,0,U,0,U,0,U,0,U,0,U,0,U,0,U,0,U,0,U,0,U,0,U,0,U,0,U,0,U,0,U,0,U,0.08, ,0,U,0.07, ,0,U,0,U,0,U,0,U,0,U,0,U,0,U,0,U,0,U,0,U,0,U,0,U,0,U,0,U,0,U,0,U,0,U,0,U,0,U,0,U,0,U,0,U,0,U,0,U,0,U,0,U,0,U,0,U,0,U,0,U,0,U,0,U,0,U,0,U,0,U,0,U,0,U,0,U,0,U,0,U,0,U,0,U,0,U,0,U,0,U,0,U,0,U,0,U,0,U,0,U,0,U,0,U,0,U,0,U,0,U,0,U,0,U,0,U,0,U,0,U,0,U,0,U,0,U,0,U,0,U,0,U,0,U,0,U,0,U,0,U,0,U,0,U,0,U,0,U,0,U,0,U
PCB 126,0,U,0,U,0,U,0,U,0,U,0,U,0,U,0,U,0,U,0,U,0,U,0,U,0,U,0,U,0,U,0,U,0,U,0,U,0,U,0,U,0,U,0,U,0,U,0,U,0,U,0,U,0,U,0,U,0,U,0,U,0,U,0,U,0,U,0,U,0,U,0,U,0,U,0,U,0,U,0,U,0,U,0,U,0,U,0,U,0,U,0,U,0,U,0,U,0,U,0,U,0,U,0,U,0,U,0,U,0,U,0,U,0,U,0,U,0,U,0,U,0,U,0,U,0,U,0,U,0,U,0,U,0,U,0,U,0,U,0,U,0,U,0.27, ,0,U,0,U,0,U,0,U,0,U,0,U,0,U,0,U,0,U,0,U,0,U,0,U,0,U,0,U,0,U,0,U,0,U,0,U,0,U,0,U,0,U,0,U,0,U,0,U,0,U,0,U,0,U,0,U,0,U,0,U,0,U,0,U,0,U,0,U,0,U,0,U,0,U,0,U,0,U,0,U,0,U,0,U,0,U,0,U,0,U,0,U,0,U,0,U,0,U,0,U,0,U,0,U,0,U,0,U,0,U,0,U,0,U,0,U,0,U,0,U,0,U,0,U,0,U,0,U
PCB 155,0,U,0,U,0,U,0,U,0,U,0,U,0,U,0,U,0,U,0,U,0,U,0,U,0,U,0,U,0,U,0,U,0,U,0,U,0,U,0,U,0,U,0,U,0,U,0,U,0,U,0,U,0,U,0,U,0,U,0,U,0,U,0,U,0,U,0,U,0,U,0,U,0,U,0,U,0,U,0,U,0,U,0,U,0,U,0,U,0,U,0,U,0,U,0,U,0,U,0,U,0,U,0,U,0,U,0,U,0,U,0,U,0,U,0,U,0,U,0,U,0,U,0,U,0,U,0,U,0,U,0,U,0,U,0,U,0,U,0,U,0,U,0,U,0,U,0,U,0,U,0,U,0,U,0,U,0,U,0,U,0,U,0,U,0,U,0,U,0,U,0,U,0,U,0,U,0,U,0,U,0,U,0,U,0,U,0,U,0,U,0,U,0,U,0,U,0,U,0,U,0,U,0,U,0,U,0,U,0,U,0,U,0,U,0,U,0,U,0,U,0,U,0,U,0,U,0,U,0,U,0,U,0,U,0,U,0,U,0,U,0,U,0,U,0,U,0,U,0,U,0,U,0,U,0,U,0,U,0,U,0,U,0,U,0,U,0,U,0,U,0,U
PCB 150,0,U,0,U,0,U,0,U,0,U,0,U,0,U,0,U,0,U,0,U,0,U,0,U,0,U,0,U,0,U,0,U,0,U,0,U,0,U,0,U,0,U,0,U,0,U,0,U,0,U,0,U,0,U,0,U,0,U,0,U,0,U,0,U,0,U,0,U,0,U,0,U,0,U,0,U,0,U,0,U,0,U,0,U,0,U,0,U,0,U,0,U,0,U,0,U,0,U,0,U,0,U,0,U,0,U,0,U,0,U,0,U,0,U,0,U,0,U,0,U,0,U,0,U,0,U,0,U,0,U,0,U,0,U,0,U,0,U,0,U,0,U,0,U,0,U,0,U,0,U,0,U,0,U,0,U,0,U,0,U,0,U,0,U,0,U,0,U,0,U,0,U,0,U,0,U,0,U,0,U,0,U,0,U,0,U,0,U,0,U,0,U,0,U,0,U,0,U,0,U,0,U,0,U,0,U,0,U,0,U,0,U,0,U,0,U,0,U,0,U,0,U,0,U,0,U,0,U,0,U,0,U,0,U,0,U,0,U,0,U,0,U,0,U,0,U,0,U,0,U,0,U,0,U,0,U,0,U,0,U,0,U,0,U,0,U,0,U,0,U,0,U
PCB 152,0,U,0,U,0,U,0,U,0,U,0,U,0,U,0,U,0,U,0,U,0,U,0,U,0,U,0,U,0,U,0,U,0,U,0,U,0,U,0,U,0,U,0,U,0,U,0,U,0,U,0,U,0,U,0,U,0,U,0,U,0,U,0,U,0,U,0,U,0,U,0,U,0,U,0,U,0,U,0,U,0,U,0,U,0,U,0,U,0,U,0,U,0,U,0,U,0,U,0,U,0,U,0,U,0,U,0,U,0,U,0,U,0,U,0,U,0,U,0,U,0,U,0,U,0,U,0,U,0,U,0,U,0,U,0,U,0,U,0,U,0,U,0,U,0,U,0,U,0,U,0,U,0,U,0,U,0,U,0,U,0,U,0,U,0,U,0,U,0,U,0,U,0,U,0,U,0,U,0,U,0,U,0,U,0,U,0,U,0,U,0,U,0,U,0,U,0,U,0,U,0,U,0,U,0,U,0,U,0,U,0,U,0,U,0,U,0,U,0,U,0,U,0,U,0,U,0,U,0,U,0,U,0,U,0,U,0,U,0,U,0,U,0,U,0,U,0,U,0,U,0,U,0,U,0,U,0,U,0,U,0,U,0,U,0,U,0,U,0,U,0,U
PCB 148/145,0,U,0,U,0,U,0,U,0,U,0,U,0,U,0,U,0,U,0,U,0,U,0,U,0,U,0,U,0,U,0,U,0,U,0,U,0,U,0,U,0,U,0,U,0,U,0,U,0,U,0,U,0,U,0,U,0,U,0,U,0,U,0,U,0,U,0,U,0,U,0,U,0,U,0,U,0,U,0,U,0,U,0,U,0,U,0,U,0,U,0,U,0,U,0,U,0,U,0,U,0,U,0,U,0,U,0,U,0,U,0,U,0,U,0,U,0,U,0,U,0,U,0,U,0,U,0,U,0,U,0,U,0,U,0,U,0,U,0,U,0,U,0,U,0,U,0,U,0,U,0,U,0,U,0,U,0,U,0,U,0,U,0,U,0,U,0,U,0,U,0,U,0,U,0,U,0,U,0,U,0,U,0,U,0,U,0,U,0,U,0,U,0,U,0,U,0,U,0,U,0,U,0,U,0,U,0,U,0,U,0,U,0,U,0,U,0,U,0,U,0,U,0,U,0,U,0,U,0,U,0,U,0,U,0,U,0,U,0,U,0,U,0,U,0,U,0,U,0,U,0,U,0,U,0,U,0,U,0,U,0,U,0,U,0,U,0,U,0,U,0,U
PCB 136/154,0,U,0,U,0,U,0,U,0,U,0,U,0,U,0,U,0,U,0,U,0,U,0,U,0,U,0,U,0,U,0,U,0,U,0,U,0,U,0,U,0,U,0,U,0,U,0,U,0,U,0,U,0,U,0,U,0,U,0,U,0,U,0,U,0,U,0,U,0,U,0,U,0,U,0,U,0,U,0,U,0,U,0,U,0,U,0,U,0,U,0,U,0,U,0,U,0,U,0,U,0,U,0,U,0,U,0,U,0,U,0,U,0,U,0,U,0,U,0,U,0,U,0,U,0,U,0,U,0,U,0,U,0,U,0,U,0,U,0,U,0,U,0.04,J,0,U,0,U,0,U,0,U,0,U,0,U,0,U,0,U,0,U,0,U,0,U,0,U,0,U,0,U,0,U,0,U,0,U,0,U,0,U,0,U,0,U,0,U,0,U,0,U,0,U,0,U,0,U,0,U,0,U,0,U,0,U,0,U,0,U,0,U,0,U,0,U,0,U,0,U,0,U,0,U,0,U,0,U,0,U,0,U,0,U,0,U,0,U,0,U,0,U,0,U,0,U,0,U,0,U,0,U,0,U,0,U,0,U,0,U,0,U,0,U,0,U,0,U,0,U,0,U
PCB 151,0,U,0,U,0,U,0,U,0,U,0,U,0,U,0,U,0,U,0,U,0,U,0,U,0,U,0,U,0,U,0,U,0,U,0,U,0,U,0,U,0,U,0,U,0,U,0,U,0,U,0,U,0,U,0,U,0,U,0,U,0,U,0,U,0,U,0,U,0,U,0,U,0,U,0,U,0,U,0,U,0,U,0,U,0,U,0,U,0,U,0,U,0,U,0,U,0,U,0,U,0,U,0,U,0,U,0,U,0,U,0,U,0,U,0,U,0,U,0,U,0,U,0,U,0,U,0,U,0,U,0,U,0,U,0,U,0,U,0,U,0,U,0,U,0,U,0,U,0,U,0,U,0,U,0,U,0,U,0,U,0,U,0,U,0,U,0,U,0,U,0,U,0,U,0,U,0,U,0,U,0,U,0,U,0,U,0,U,0,U,0,U,0,U,0,U,0,U,0,U,0,U,0,U,0,U,0,U,0,U,0,U,0,U,0,U,0,U,0,U,0,U,0,U,0,U,0,U,0,U,0,U,0,U,0,U,0,U,0,U,0,U,0,U,0,U,0,U,0,U,0,U,0,U,0,U,0,U,0,U,0,U,0,U,0,U,0,U,0,U,0,U
PCB 135,0,U,0,U,0,U,0,U,0,U,0,U,0,U,0,U,0,U,0,U,0,U,0,U,0,U,0,U,0,U,0,U,0,U,0,U,0,U,0,U,0,U,0,U,0,U,0,U,0,U,0,U,0,U,0,U,0,U,0,U,0,U,0,U,0,U,0,U,0,U,0,U,0,U,0,U,0,U,0,U,0,U,0,U,0,U,0,U,0,U,0,U,0,U,0,U,0,U,0,U,0,U,0,U,0,U,0,U,0,U,0,U,0,U,0,U,0,U,0,U,0,U,0,U,0,U,0,U,0,U,0,U,0,U,0,U,0,U,0,U,0,U,0,U,0,U,0,U,0,U,0,U,0,U,0,U,0,U,0,U,0,U,0,U,0,U,0,U,0,U,0,U,0,U,0,U,0,U,0,U,0,U,0,U,0,U,0,U,0,U,0,U,0,U,0,U,0,U,0,U,0,U,0,U,0,U,0,U,0,U,0,U,0,U,0,U,0,U,0,U,0,U,0,U,0,U,0,U,0,U,0,U,0,U,0,U,0,U,0,U,0,U,0,U,0,U,0,U,0,U,0,U,0,U,0,U,0,U,0,U,0,U,0,U,0,U,0,U,0,U,0,U
PCB 144,0,U,0,U,0,U,0,U,0,U,0,U,0,U,0,U,0,U,0,U,0,U,0,U,0,U,0,U,0,U,0,U,0,U,0,U,0,U,0,U,0,U,0,U,0,U,0,U,0,U,0,U,0,U,0,U,0,U,0,U,0,U,0,U,0,U,0,U,0,U,0,U,0,U,0,U,0,U,0,U,0,U,0,U,0,U,0,U,0,U,0,U,0,U,0,U,0,U,0,U,0,U,0,U,0,U,0,U,0,U,0,U,0,U,0,U,0,U,0,U,0,U,0,U,0,U,0,U,0,U,0,U,0,U,0,U,0,U,0,U,0,U,0,U,0,U,0,U,0,U,0,U,0,U,0,U,0,U,0,U,0,U,0,U,0,U,0,U,0,U,0,U,0,U,0,U,0,U,0,U,0,U,0,U,0,U,0,U,0,U,0,U,0,U,0,U,0,U,0,U,0,U,0,U,0,U,0,U,0,U,0,U,0,U,0,U,0,U,0,U,0,U,0,U,0,U,0,U,0,U,0,U,0,U,0,U,0,U,0,U,0,U,0,U,0,U,0,U,0,U,0,U,0,U,0,U,0,U,0,U,0,U,0,U,0,U,0,U,0,U,0,U
PCB 147,0,U,0,U,0,U,0,U,0,U,0,U,0,U,0,U,0,U,0,U,0,U,0,U,0,U,0,U,0,U,0,U,0,U,0,U,0,U,0,U,0,U,0,U,0,U,0,U,0,U,0,U,0,U,0,U,0,U,0,U,0,U,0,U,0,U,0,U,0,U,0,U,0,U,0,U,0,U,0,U,0,U,0,U,0,U,0,U,0,U,0,U,0,U,0,U,0,U,0,U,0,U,0,U,0,U,0,U,0,U,0,U,0,U,0,U,0,U,0,U,0,U,0,U,0,U,0,U,0,U,0,U,0,U,0,U,0,U,0,U,0,U,0,U,0,U,0,U,0,U,0,U,0,U,0,U,0,U,0,U,0,U,0,U,0,U,0,U,0,U,0,U,0,U,0,U,0,U,0,U,0,U,0,U,0,U,0,U,0,U,0,U,0,U,0,U,0,U,0,U,0,U,0,U,0,U,0,U,0,U,0,U,0,U,0,U,0,U,0,U,0,U,0,U,0,U,0,U,0,U,0,U,0,U,0,U,0,U,0,U,0,U,0,U,0,U,0,U,0,U,0,U,0,U,0,U,0,U,0,U,0,U,0,U,0,U,0,U,0,U,0,U
PCB 149/139,0,U,0,U,0,U,0,U,0,U,0,U,0,U,0,U,0,U,0,U,0,U,0,U,0,U,0,U,0,U,0,U,0,U,0,U,0,U,0,U,0,U,0,U,0,U,0,U,0,U,0,U,0,U,0,U,0,U,0.04,J,0,U,0,U,0,U,0,U,0,U,0,U,0.34, ,0,U,0,U,0,U,0,U,0,U,0,U,0,U,0,U,0,U,0,U,0,U,0,U,0,U,0,U,0,U,0,U,0,U,0,U,0,U,0,U,0,U,0,U,0,U,0,U,0,U,0,U,0,U,0,U,0,U,0,U,0,U,0,U,0,U,0,U,0,U,0,U,0,U,0,U,0,U,0,U,0,U,0,U,0,U,0,U,0,U,0,U,0,U,0,U,0,U,0,U,0,U,0,U,0,U,0,U,0,U,0,U,0,U,0,U,0,U,0,U,0,U,0,U,0,U,0,U,0,U,0,U,0,U,0,U,0,U,0,U,0,U,0,U,0,U,0,U,0,U,0,U,0,U,0,U,0,U,0,U,0,U,0,U,0,U,0,U,0,U,0,U,0,U,0,U,0,U,0,U,0,U,0,U,0,U,0,U,0,U,0,U,0,U,0,U,0,U
PCB 140,0,U,0,U,0,U,0,U,0,U,0,U,0,U,0,U,0,U,0,U,0,U,0,U,0,U,0,U,0,U,0,U,0,U,0,U,0,U,0,U,0,U,0,U,0,U,0,U,0,U,0,U,0,U,0,U,0,U,0,U,0,U,0,U,0,U,0,U,0,U,0,U,0,U,0,U,0,U,0,U,0,U,0,U,0,U,0,U,0,U,0,U,0,U,0,U,0,U,0,U,0,U,0,U,0,U,0,U,0,U,0,U,0,U,0,U,0,U,0,U,0,U,0,U,0,U,0,U,0,U,0,U,0,U,0,U,0,U,0,U,0,U,0,U,0,U,0,U,0,U,0,U,0,U,0,U,0,U,0,U,0,U,0,U,0,U,0,U,0,U,0,U,0,U,0,U,0,U,0,U,0,U,0,U,0,U,0,U,0,U,0,U,0,U,0,U,0,U,0,U,0,U,0,U,0,U,0,U,0,U,0,U,0,U,0,U,0,U,0,U,0,U,0,U,0,U,0,U,0,U,0,U,0,U,0,U,0,U,0,U,0,U,0,U,0,U,0,U,0,U,0,U,0,U,0,U,0,U,0,U,0,U,0,U,0,U,0,U,0,U,0,U
PCB 143,0,U,0,U,0,U,0,U,0,U,0,U,0,U,0,U,0,U,0,U,0,U,0,U,0,U,0,U,0,U,0,U,0,U,0,U,0,U,0,U,0,U,0,U,0,U,0,U,0,U,0,U,0,U,0,U,0,U,0,U,0,U,0,U,0,U,0,U,0,U,0,U,0,U,0,U,0,U,0,U,0,U,0,U,0,U,0,U,0,U,0,U,0,U,0,U,0,U,0,U,0,U,0,U,0,U,0,U,0,U,0,U,0,U,0,U,0,U,0,U,0,U,0,U,0,U,0,U,0,U,0,U,0,U,0,U,0,U,0,U,0,U,0,U,0,U,0,U,0,U,0,U,0,U,0,U,0,U,0,U,0,U,0,U,0,U,0,U,0,U,0,U,0,U,0,U,0,U,0,U,0,U,0,U,0,U,0,U,0,U,0,U,0,U,0,U,0,U,0,U,0,U,0,U,0,U,0,U,0,U,0,U,0,U,0,U,0,U,0,U,0,U,0,U,0,U,0,U,0,U,0,U,0,U,0,U,0,U,0,U,0,U,0,U,0,U,0,U,0,U,0,U,0,U,0,U,0,U,0,U,0,U,0,U,0,U,0,U,0,U,0,U
PCB 134/133,0,U,0,U,0,U,0,U,0,U,0,U,0,U,0,U,0,U,0,U,0,U,0,U,0,U,0,U,0,U,0,U,0,U,0,U,0,U,0,U,0,U,0,U,0,U,0,U,0,U,0,U,0,U,0,U,0,U,0,U,0,U,0,U,0,U,0,U,0,U,0,U,0,U,0,U,0,U,0,U,0,U,0,U,0,U,0,U,0,U,0,U,0,U,0,U,0,U,0,U,0,U,0,U,0,U,0,U,0,U,0,U,0,U,0,U,0,U,0,U,0,U,0,U,0,U,0,U,0,U,0,U,0,U,0,U,0,U,0,U,0,U,0,U,0,U,0,U,0,U,0,U,0,U,0,U,0,U,0,U,0,U,0,U,0,U,0,U,0,U,0,U,0,U,0,U,0,U,0,U,0,U,0,U,0,U,0,U,0,U,0,U,0,U,0,U,0,U,0,U,0,U,0,U,0,U,0,U,0,U,0,U,0,U,0,U,0,U,0,U,0,U,0,U,0,U,0,U,0,U,0,U,0,U,0,U,0,U,0,U,0,U,0,U,0,U,0,U,0,U,0,U,0,U,0,U,0,U,0,U,0,U,0,U,0,U,0,U,0,U,0,U
PCB 165/131,0,U,0,U,0,U,0,U,0,U,0,U,0,U,0,U,0,U,0,U,0,U,0,U,0,U,0,U,0,U,0,U,0,U,0,U,0,U,0,U,0,U,0,U,0.24, ,0,U,0,U,0,U,0,U,0,U,0,U,0,U,0,U,0.13, ,0.1,J,0.47, ,0,U,0,U,0,U,0,U,0,U,0,U,0,U,0,U,0,U,0,U,0,U,0,U,0,U,0,U,0,U,0,U,0,U,0,U,0,U,0,U,0,U,0,U,0,U,0.12,J,0,U,0,U,0,U,0,U,0.06,J,0,U,0,U,0,U,0,U,0,U,0,U,0,U,0,U,0.22, ,0,U,0,U,0,U,0,U,0,U,0,U,0,U,0,U,0,U,0,U,0,U,0,U,0,U,0,U,0,U,0,U,0,U,0,U,0,U,0,U,0,U,0,U,0,U,0,U,0,U,0,U,0,U,0,U,0,U,0,U,0,U,0,U,0,U,0,U,0,U,0,U,0,U,0,U,0,U,0,U,0,U,0,U,0,U,0,U,0,U,0,U,0,U,0,U,0,U,0,U,0,U,0,U,0,U,0,U,0,U,0,U,0,U,0,U,0,U,0,U,0,U,0,U,0,U,0,U
PCB 142/146/161,0,U,0,U,0,U,0,U,0,U,0,U,0,U,0,U,0,U,0,U,0,U,0,U,0,U,0,U,0,U,0,U,0,U,0,U,0,U,0,U,0,U,0,U,0,U,0,U,0,U,0,U,0,U,0,U,0,U,0,U,0,U,0,U,0,U,0.48, ,0,U,0,U,0,U,0,U,0,U,0,U,0,U,0,U,0,U,0,U,0,U,0,U,0,U,0,U,0,U,0,U,0,U,0,U,0,U,0,U,0,U,0,U,0,U,0,U,0,U,0,U,0,U,0,U,0,U,0,U,0,U,0,U,0,U,0,U,0,U,0,U,0,U,0,U,0,U,0,U,0,U,0,U,0,U,0,U,0,U,0,U,0,U,0,U,0,U,0,U,0,U,0,U,0,U,0,U,0,U,0,U,0,U,0,U,0,U,0,U,0,U,0,U,0,U,0,U,0.07,J,0,U,0,U,0,U,0,U,0,U,0,U,0,U,0.18, ,0,U,0,U,0,U,0,U,0,U,0,U,0,U,0,U,0,U,0,U,0,U,0,U,0,U,0,U,0,U,0,U,0,U,0,U,0,U,0,U,0,U,0,U,0,U,0,U,0,U,0.29, ,0,U,0,U,0,U
PCB 153/168,0.05,J,0,U,0,U,0,U,0,U,0,U,0,U,0,U,0,U,0,U,0,U,0,U,0,U,0,U,0,U,0,U,0,U,0,U,0,U,0,U,0.17, ,0.34, ,2.39, ,0.1, ,0,U,0,U,0,U,0.14, ,0,U,0.17, ,0.45, ,1.59, ,0.82, ,0,U,0,U,0,U,0.2, ,0,U,0,U,0,U,0,U,0,U,0.12, ,0,U,0.37, ,0,U,0,U,0,U,0,U,0,U,0.17, ,0,U,0,U,0,U,0,U,0.04,J,0,U,0.58, ,0.12, ,0.1, ,0.16, ,0.14, ,0.41, ,0.19, ,0,U,0,U,0.19, ,0.06,J,0,U,0,U,0,U,2.14, ,0,U,0,U,0,U,0,U,0,U,0,U,0,U,0,U,0,U,0,U,0.22, ,0,U,0,U,0,U,0,U,0,U,0,U,0,U,0,U,0.12, ,0.77, ,0,U,0,U,0,U,0.18, ,0,U,0.61, ,0,U,0,U,0.13, ,0,U,0,U,0,U,0.18, ,1.78, ,0,U,0,U,0,U,0,U,0,U,0,U,0.13, ,0,U,0,U,0,U,0,U,0,U,0,U,0.11, ,0.54, ,0,U,0,U,0,U,0,U,0,U,0,U,0,U,0,U,0,U,0,U,3.34, ,0,U,0.11, ,0,U
PCB 132,0,U,0,U,0,U,0,U,0,U,0,U,0,U,0,U,0,U,0,U,0,U,0,U,0,U,0,U,0,U,0,U,0,U,0,U,0,U,0,U,0,U,0,U,0,U,0,U,0,U,0,U,0,U,0,U,0,U,0,U,0,U,0,U,0,U,0,U,0,U,0,U,0,U,0,U,0,U,0,U,0,U,0,U,0,U,0,U,0,U,0,U,0,U,0,U,0,U,0,U,0,U,0,U,0,U,0,U,0,U,0,U,0,U,0,U,0,U,0,U,0,U,0,U,0,U,0,U,0,U,0,U,0,U,0,U,0,U,0,U,0,U,0,U,0,U,0,U,0,U,0,U,0,U,0,U,0,U,0,U,0,U,0,U,0,U,0,U,0,U,0,U,0,U,0,U,0,U,0,U,0,U,0,U,0,U,0,U,0,U,0,U,0,U,0,U,0,U,0,U,0,U,0,U,0,U,0,U,0,U,0,U,0,U,0,U,0,U,0,U,0,U,0,U,0,U,0,U,0,U,0,U,0,U,0,U,0,U,0,U,0,U,0,U,0,U,0,U,0,U,0,U,0,U,0,U,0,U,0,U,0,U,0,U,0,U,0,U,0,U,0,U
PCB 141,0,U,0,U,0,U,0,U,0,U,0,U,0,U,0,U,0,U,0,U,0,U,0,U,0,U,0,U,0,U,0,U,0,U,0,U,0,U,0,U,0,U,0,U,0,U,0,U,0,U,0,U,0,U,0,U,0,U,0,U,0,U,0,U,0,U,0,U,0,U,0,U,0,U,0,U,0,U,0,U,0,U,0,U,0,U,0,U,0,U,0,U,0,U,0,U,0,U,0,U,0,U,0,U,0,U,0,U,0,U,0,U,0,U,0,U,0,U,0,U,0,U,0,U,0,U,0,U,0,U,0,U,0,U,0,U,0,U,0,U,0,U,0,U,0,U,0,U,0,U,0,U,0,U,0,U,0,U,0,U,0,U,0,U,0,U,0,U,0,U,0,U,0,U,0,U,0,U,0,U,0,U,0,U,0,U,0,U,0,U,0,U,0,U,0,U,0,U,0,U,0,U,0,U,0,U,0,U,0,U,0,U,0,U,0,U,0,U,0,U,0,U,0,U,0,U,0,U,0,U,0,U,0,U,0,U,0,U,0,U,0,U,0,U,0,U,0,U,0,U,0,U,0,U,0,U,0,U,0,U,0,U,0,U,0,U,0,U,0,U,0,U
PCB 137,0,U,0,U,0,U,0,U,0,U,0,U,0,U,0,U,0,U,0,U,0,U,0,U,0,U,0,U,0,U,0,U,0,U,0,U,0,U,0,U,0,U,0,U,0,U,0,U,0,U,0,U,0,U,0,U,0,U,0,U,0,U,0,U,0,U,0,U,0,U,0,U,0,U,0,U,0,U,0,U,0,U,0,U,0,U,0,U,0,U,0,U,0,U,0,U,0,U,0,U,0,U,0,U,0,U,0,U,0,U,0,U,0,U,0,U,0,U,0,U,0,U,0,U,0,U,0,U,0,U,0,U,0,U,0,U,0,U,0,U,0,U,0,U,0,U,0,U,0,U,0,U,0,U,0,U,0,U,0,U,0,U,0,U,0,U,0,U,0,U,0,U,0,U,0,U,0,U,0,U,0,U,0,U,0,U,0,U,0,U,0,U,0,U,0,U,0,U,0,U,0,U,0,U,0,U,0,U,0,U,0,U,0,U,0,U,0,U,0,U,0,U,0,U,0,U,0,U,0,U,0,U,0,U,0,U,0,U,0,U,0,U,0,U,0,U,0,U,0,U,0,U,0,U,0,U,0,U,0,U,0,U,0,U,0,U,0,U,0,U,0,U
PCB 130,0,U,0,U,0,U,0,U,0,U,0,U,0,U,0,U,0,U,0,U,0,U,0,U,0,U,0,U,0,U,0,U,0,U,0,U,0,U,0,U,0,U,0,U,0,U,0,U,0,U,0,U,0,U,0,U,0,U,0,U,0,U,0,U,0,U,0,U,0,U,0,U,0,U,0,U,0,U,0,U,0,U,0,U,0,U,0,U,0,U,0,U,0,U,0,U,0,U,0,U,0,U,0,U,0,U,0,U,0,U,0,U,0,U,0,U,0,U,0,U,0,U,0,U,0,U,0,U,0,U,0,U,0,U,0,U,0,U,0,U,0,U,0,U,0,U,0,U,0,U,0,U,0,U,0,U,0,U,0,U,0,U,0,U,0,U,0,U,0,U,0,U,0,U,0,U,0,U,0,U,0,U,0,U,0,U,0,U,0,U,0,U,0,U,0,U,0,U,0,U,0,U,0,U,0,U,0,U,0,U,0,U,0,U,0,U,0,U,0,U,0,U,0,U,0,U,0,U,0,U,0,U,0,U,0,U,0,U,0,U,0,U,0,U,0,U,0,U,0,U,0,U,0,U,0,U,0,U,0,U,0,U,0,U,0,U,0,U,0,U,0,U
PCB 138/164/163,0,U,0,U,0,U,0,U,0,U,0,U,0,U,0,U,0,U,0,U,0,U,0,U,0,U,0,U,0,U,0,U,0,U,0,U,0,U,0,U,0.1,J,0.16, ,0.95, ,0.23, ,0,U,0,U,0,U,0,U,0,U,0.11,J,0.28, ,0.66, ,0.35, ,1.35, ,0,U,0,U,0.12,J,0,U,0,U,0,U,0,U,0,U,0,U,0,U,0.06,J,0,U,0,U,0,U,0,U,0,U,0.05,J,0,U,0,U,0,U,0,U,0,U,0,U,0.29, ,0,U,0.05,J,0.06,J,0.06,J,0.16, ,0.08,J,0,U,0,U,0.07,J,0.02,J,0,U,0,U,0,U,1.04, ,0,U,0,U,0,U,0,U,0,U,0,U,0,U,0,U,0,U,0,U,0.03,J,0,U,0,U,0,U,0,U,0,U,0,U,0,U,0,U,0.06,J,0.31, ,0,U,0,U,0,U,0.08,J,0,U,0.21, ,0,U,0,U,0.04,J,0,U,0,U,0,U,0,U,0.71, ,0,U,0,U,0,U,0,U,0,U,0,U,0,U,0,U,0,U,0,U,0,U,0,U,0,U,0.1,J,0.21, ,0,U,0,U,0,U,0,U,0,U,0,U,0,U,0,U,0,U,0,U,0.87, ,0,U,0,U,0,U
PCB 160/158,0,U,0,U,0,U,0,U,0,U,0,U,0,U,0,U,0,U,0,U,0,U,0,U,0,U,0,U,0,U,0,U,0,U,0,U,0,U,0,U,0,U,0,U,0,U,0,U,0,U,0,U,0,U,0,U,0,U,0,U,0.03,J,0.07,J,0,U,0,U,0,U,0,U,0,U,0,U,0,U,0,U,0,U,0,U,0,U,0,U,0,U,0,U,0,U,0,U,0,U,0,U,0,U,0,U,0,U,0,U,0,U,0,U,0,U,0,U,0,U,0,U,0,U,0,U,0,U,0,U,0,U,0,U,0,U,0,U,0,U,0,U,0,U,0,U,0,U,0,U,0,U,0,U,0,U,0,U,0,U,0,U,0,U,0,U,0,U,0,U,0,U,0,U,0,U,0,U,0,U,0,U,0,U,0,U,0,U,0,U,0,U,0,U,0,U,0,U,0,U,0,U,0,U,0,U,0,U,0,U,0,U,0,U,0,U,0,U,0,U,0,U,0,U,0,U,0,U,0,U,0,U,0,U,0,U,0,U,0,U,0,U,0,U,0,U,0,U,0,U,0,U,0,U,0,U,0,U,0,U,0,U,0,U,0,U,0,U,0,U,0,U,0,U
PCB 129,0,U,0,U,0,U,0,U,0,U,0,U,0,U,0,U,0,U,0,U,0,U,0,U,0,U,0,U,0,U,0,U,0,U,0,U,0,U,0,U,0,U,0,U,0,U,0,U,0,U,0,U,0,U,0,U,0,U,0,U,0,U,0,U,0,U,0,U,0,U,0,U,0,U,0,U,0,U,0,U,0,U,0,U,0,U,0,U,0,U,0,U,0,U,0,U,0,U,0,U,0,U,0,U,0,U,0,U,0,U,0,U,0,U,0,U,0,U,0,U,0,U,0,U,0,U,0,U,0,U,0,U,0,U,0,U,0,U,0,U,0,U,0,U,0,U,0,U,0,U,0,U,0,U,0,U,0,U,0,U,0,U,0,U,0,U,0,U,0,U,0,U,0,U,0,U,0,U,0,U,0,U,0,U,0,U,0,U,0,U,0,U,0,U,0,U,0,U,0,U,0,U,0,U,0,U,0,U,0,U,0,U,0,U,0,U,0,U,0,U,0,U,0,U,0,U,0,U,0,U,0,U,0,U,0,U,0,U,0,U,0,U,0,U,0,U,0,U,0,U,0,U,0,U,0,U,0,U,0,U,0,U,0,U,0,U,0,U,0,U,0,U
PCB 166,0,U,0,U,0,U,0,U,0,U,0,U,0,U,0,U,0,U,0,U,0,U,0,U,0,U,0,U,0,U,0,U,0,U,0,U,0,U,0,U,0,U,0,U,0,U,0,U,0,U,0,U,0,U,0,U,0,U,0,U,0,U,0,U,0,U,0,U,0,U,0,U,0,U,0,U,0,U,0,U,0,U,0,U,0,U,0,U,0,U,0,U,0,U,0,U,0,U,0,U,0,U,0,U,0,U,0,U,0,U,0,U,0,U,0,U,0,U,0,U,0,U,0,U,0,U,0,U,0,U,0,U,0,U,0,U,0,U,0,U,0,U,0,U,0,U,0,U,0,U,0,U,0,U,0,U,0,U,0,U,0,U,0,U,0,U,0,U,0,U,0,U,0,U,0,U,0,U,0,U,0,U,0,U,0,U,0,U,0,U,0,U,0,U,0,U,0,U,0,U,0,U,0,U,0,U,0,U,0,U,0,U,0,U,0,U,0,U,0,U,0,U,0,U,0,U,0,U,0,U,0,U,0,U,0,U,0,U,0,U,0,U,0,U,0,U,0,U,0,U,0,U,0,U,0,U,0,U,0,U,0,U,0,U,0,U,0,U,0,U,0,U
PCB 159,0,U,0,U,0,U,0,U,0,U,0,U,0,U,0,U,0,U,0,U,0,U,0,U,0,U,0,U,0,U,0,U,0,U,0,U,0,U,0,U,0,U,0,U,0,U,0,U,0,U,0,U,0,U,0,U,0,U,0,U,0,U,0,U,0,U,0,U,0,U,0,U,0,U,0,U,0,U,0,U,0,U,0,U,0,U,0,U,0,U,0,U,0,U,0,U,0,U,0,U,0,U,0,U,0,U,0,U,0,U,0,U,0,U,0,U,0,U,0,U,0,U,0,U,0,U,0,U,0,U,0,U,0,U,0,U,0,U,0,U,0,U,0,U,0,U,0,U,0,U,0,U,0,U,0,U,0,U,0,U,0,U,0,U,0,U,0,U,0,U,0,U,0,U,0,U,0,U,0,U,0,U,0,U,0,U,0,U,0,U,0,U,0,U,0,U,0,U,0,U,0,U,0,U,0,U,0,U,0,U,0,U,0,U,0,U,0,U,0,U,0,U,0,U,0,U,0,U,0,U,0,U,0,U,0,U,0,U,0,U,0,U,0,U,0,U,0,U,0,U,0,U,0,U,0,U,0,U,0,U,0,U,0,U,0,U,0,U,0,U,0,U
PCB 162,0,U,0,U,0,U,0,U,0,U,0,U,0,U,0,U,0,U,0,U,0,U,0,U,0,U,0,U,0,U,0,U,0,U,0,U,0,U,0,U,0,U,0,U,0,U,0,U,0,U,0,U,0,U,0,U,0,U,0,U,0,U,0,U,0,U,0,U,0,U,0,U,0,U,0,U,0,U,0,U,0,U,0,U,0,U,0,U,0,U,0,U,0,U,0,U,0,U,0,U,0,U,0,U,0,U,0,U,0,U,0,U,0,U,0,U,0,U,0,U,0,U,0,U,0,U,0,U,0,U,0,U,0,U,0,U,0,U,0,U,0,U,0,U,0,U,0,U,0,U,0,U,0,U,0,U,0,U,0,U,0,U,0,U,0,U,0,U,0,U,0,U,0,U,0,U,0,U,0,U,0,U,0,U,0,U,0,U,0,U,0,U,0,U,0,U,0,U,0,U,0,U,0,U,0,U,0,U,0,U,0,U,0,U,0,U,0,U,0,U,0,U,0,U,0,U,0,U,0,U,0,U,0,U,0,U,0,U,0,U,0,U,0,U,0,U,0,U,0,U,0,U,0,U,0,U,0,U,0,U,0,U,0,U,0,U,0,U,0,U,0,U
PCB 128/167,0,U,0,U,0,U,0,U,0,U,0,U,0,U,0,U,0,U,0,U,0,U,0,U,0,U,0,U,0,U,0,U,0,U,0,U,0,U,0,U,0,U,0.09, ,0.1, ,0,U,0,U,0,U,0,U,0,U,0,U,0,U,0.03,J,0.18, ,0,U,0.24, ,0,U,0,U,0,U,0,U,0,U,0,U,0,U,0,U,0,U,0,U,0,U,0,U,0,U,0,U,0,U,0,U,0,U,0,U,0,U,0,U,0,U,0,U,0,U,0.11, ,0,U,0,U,0,U,0,U,0.04,J,0,U,0,U,0,U,0,U,0,U,0,U,0,U,0,U,0.12, ,0,U,0,U,0,U,0,U,0,U,0,U,0,U,0,U,0,U,0,U,0,U,0,U,0,U,0,U,0,U,0,U,0,U,0,U,0,U,0,U,0,U,0,U,0,U,0,U,0,U,0,U,0.04,J,0,U,0,U,0,U,0,U,0,U,0,U,0,U,0,U,0,U,0,U,0,U,0,U,0,U,0,U,0,U,0,U,0,U,0,U,0,U,0,U,0,U,0,U,0,U,0,U,0,U,0,U,0,U,0,U,0,U,0,U,0,U,0,U,0,U,0.34, ,0,U,0,U,0,U
PCB 156,0,U,0,U,0,U,0,U,0,U,0,U,0,U,0,U,0,U,0,U,0,U,0,U,0,U,0,U,0,U,0,U,0,U,0,U,0,U,0,U,0,U,0,U,0.1,J,0.08,J,0,U,0,U,0,U,0,U,0,U,0,U,0,U,0.13, ,0,U,0.3, ,0,U,0,U,0,U,0,U,0,U,0,U,0,U,0,U,0,U,0,U,0,U,0,U,0,U,0,U,0,U,0,U,0,U,0,U,0,U,0,U,0,U,0,U,0,U,0,U,0,U,0,U,0,U,0,U,0,U,0,U,0,U,0,U,0,U,0,U,0,U,0,U,0,U,0,U,0,U,0,U,0,U,0,U,0,U,0,U,0,U,0,U,0,U,0,U,0,U,0,U,0,U,0,U,0,U,0,U,0,U,0,U,0,U,0,U,0,U,0,U,0,U,0,U,0,U,0,U,0.05,J,0,U,0,U,0,U,0,U,0,U,0,U,0,U,0,U,0,U,0,U,0,U,0,U,0,U,0,U,0,U,0,U,0,U,0,U,0,U,0,U,0,U,0,U,0,U,0,U,0,U,0,U,0,U,0,U,0,U,0,U,0,U,0,U,0,U,0.13, ,0,U,0,U,0,U
PCB 157,0,U,0,U,0,U,0,U,0,U,0,U,0,U,0,U,0,U,0,U,0,U,0,U,0,U,0,U,0,U,0,U,0,U,0,U,0,U,0,U,0,U,0,U,0,U,0,U,0,U,0,U,0,U,0,U,0,U,0,U,0,U,0,U,0,U,0,U,0,U,0,U,0,U,0,U,0,U,0,U,0,U,0,U,0,U,0,U,0,U,0,U,0,U,0,U,0,U,0,U,0,U,0,U,0,U,0,U,0,U,0,U,0,U,0,U,0,U,0,U,0,U,0,U,0,U,0,U,0,U,0,U,0,U,0,U,0,U,0,U,0,U,0,U,0,U,0,U,0,U,0,U,0,U,0,U,0,U,0,U,0,U,0,U,0,U,0,U,0,U,0,U,0,U,0,U,0,U,0,U,0,U,0,U,0,U,0,U,0,U,0,U,0,U,0,U,0,U,0,U,0,U,0,U,0,U,0,U,0,U,0,U,0,U,0,U,0,U,0,U,0,U,0,U,0,U,0,U,0,U,0,U,0,U,0,U,0,U,0,U,0,U,0,U,0,U,0,U,0,U,0,U,0,U,0,U,0,U,0,U,0,U,0,U,0,U,0,U,0,U,0,U
PCB 169,0,U,0,U,0,U,0,U,0,U,0,U,0,U,0,U,0,U,0,U,0,U,0,U,0,U,0,U,0,U,0,U,0,U,0,U,0,U,0,U,0,U,0,U,0,U,0,U,0,U,0,U,0,U,0,U,0,U,0,U,0,U,0,U,0,U,0,U,0,U,0,U,0,U,0,U,0,U,0,U,0,U,0,U,0,U,0,U,0,U,0,U,0,U,0,U,0,U,0,U,0,U,0,U,0,U,0,U,0,U,0,U,0,U,0,U,0,U,0,U,0,U,0,U,0,U,0,U,0,U,0,U,0,U,0,U,0,U,0,U,0,U,0,U,0,U,0,U,0,U,0,U,0,U,0,U,0,U,0,U,0,U,0,U,0,U,0,U,0,U,0,U,0,U,0,U,0,U,0,U,0,U,0,U,0,U,0,U,0,U,0,U,0,U,0,U,0,U,0,U,0,U,0,U,0,U,0,U,0,U,0,U,0,U,0,U,0,U,0,U,0,U,0,U,0,U,0,U,0,U,0,U,0,U,0,U,0,U,0,U,0,U,0,U,0,U,0,U,0,U,0,U,0,U,0,U,0,U,0,U,0,U,0,U,0,U,0,U,0,U,0,U
PCB 188,0,U,0,U,0,U,0,U,0,U,0,U,0,U,0,U,0,U,0,U,0,U,0,U,0,U,0,U,0,U,0,U,0,U,0,U,0,U,0,U,0,U,0,U,0,U,0,U,0,U,0,U,0,U,0,U,0,U,0,U,0,U,0,U,0,U,0,U,0,U,0,U,0,U,0,U,0,U,0,U,0,U,0,U,0,U,0,U,0,U,0,U,0,U,0,U,0,U,0,U,0,U,0,U,0,U,0,U,0,U,0,U,0,U,0,U,0,U,0,U,0,U,0,U,0,U,0,U,0,U,0,U,0,U,0,U,0,U,0,U,0,U,0,U,0,U,0,U,0,U,0,U,0,U,0,U,0,U,0,U,0,U,0,U,0,U,0,U,0,U,0,U,0,U,0,U,0,U,0,U,0,U,0,U,0,U,0,U,0,U,0,U,0,U,0,U,0,U,0,U,0,U,0,U,0,U,0,U,0,U,0,U,0,U,0,U,0,U,0,U,0,U,0,U,0,U,0,U,0,U,0,U,0,U,0,U,0,U,0,U,0,U,0,U,0,U,0,U,0,U,0,U,0,U,0,U,0,U,0,U,0,U,0,U,0,U,0,U,0,U,0,U
PCB 184,0,U,0,U,0,U,0,U,0,U,0,U,0,U,0,U,0,U,0,U,0,U,0,U,0,U,0,U,0,U,0,U,0,U,0,U,0,U,0,U,0,U,0,U,0,U,0,U,0,U,0,U,0,U,0,U,0,U,0,U,0,U,0,U,0,U,0,U,0,U,0,U,0,U,0,U,0,U,0,U,0,U,0,U,0,U,0,U,0,U,0,U,0,U,0,U,0,U,0,U,0,U,0,U,0,U,0,U,0,U,0,U,0,U,0,U,0,U,0,U,0,U,0,U,0,U,0,U,0,U,0,U,0,U,0,U,0,U,0,U,0,U,0,U,0,U,0,U,0,U,0,U,0,U,0,U,0,U,0,U,0,U,0,U,0,U,0,U,0,U,0,U,0,U,0,U,0,U,0,U,0,U,0,U,0,U,0,U,0,U,0,U,0,U,0,U,0,U,0,U,0,U,0,U,0,U,0,U,0,U,0,U,0,U,0,U,0,U,0,U,0,U,0,U,0,U,0,U,0,U,0,U,0,U,0,U,0,U,0,U,0,U,0,U,0,U,0,U,0,U,0,U,0,U,0,U,0,U,0,U,0,U,0,U,0,U,0,U,0,U,0,U
PCB 179,0,U,0,U,0,U,0,U,0,U,0,U,0,U,0,U,0,U,0,U,0,U,0,U,0,U,0,U,0,U,0,U,0,U,0,U,0,U,0,U,0,U,0,U,0,U,0,U,0,U,0,U,0,U,0,U,0,U,0,U,0,U,0,U,0,U,0,U,0,U,0,U,0,U,0,U,0,U,0,U,0,U,0,U,0,U,0,U,0,U,0,U,0,U,0,U,0,U,0,U,0,U,0,U,0,U,0,U,0,U,0,U,0,U,0,U,0,U,0,U,0,U,0,U,0,U,0,U,0,U,0,U,0,U,0,U,0,U,0,U,0,U,0,U,0,U,0,U,0,U,0,U,0,U,0,U,0,U,0,U,0,U,0,U,0,U,0,U,0,U,0,U,0,U,0,U,0,U,0,U,0,U,0,U,0,U,0,U,0,U,0,U,0,U,0,U,0,U,0,U,0,U,0,U,0,U,0,U,0,U,0,U,0,U,0,U,0,U,0,U,0,U,0,U,0,U,0,U,0,U,0,U,0,U,0,U,0,U,0,U,0,U,0,U,0,U,0,U,0,U,0,U,0,U,0,U,0,U,0,U,0,U,0,U,0,U,0,U,0,U,0,U
PCB 176,0,U,0,U,0,U,0,U,0,U,0,U,0,U,0,U,0,U,0,U,0,U,0,U,0,U,0,U,0,U,0,U,0,U,0,U,0,U,0,U,0,U,0,U,0,U,0,U,0,U,0,U,0,U,0,U,0,U,0,U,0,U,0,U,0,U,0,U,0,U,0,U,0,U,0,U,0,U,0,U,0,U,0,U,0,U,0,U,0,U,0,U,0,U,0,U,0,U,0,U,0,U,0,U,0,U,0,U,0,U,0,U,0,U,0,U,0,U,0,U,0,U,0,U,0,U,0,U,0,U,0,U,0,U,0,U,0,U,0,U,0,U,0,U,0,U,0,U,0,U,0,U,0,U,0,U,0,U,0,U,0,U,0,U,0,U,0,U,0,U,0,U,0,U,0,U,0,U,0,U,0,U,0,U,0,U,0,U,0,U,0,U,0,U,0,U,0,U,0,U,0,U,0,U,0,U,0,U,0,U,0,U,0,U,0,U,0,U,0,U,0,U,0,U,0,U,0,U,0,U,0,U,0,U,0,U,0,U,0,U,0,U,0,U,0,U,0,U,0,U,0,U,0,U,0,U,0,U,0,U,0,U,0,U,0,U,0,U,0,U,0,U
PCB 186/178,0,U,0,U,0,U,0,U,0,U,0,U,0,U,0,U,0,U,0,U,0,U,0,U,0,U,0,U,0,U,0,U,0,U,0,U,0,U,0,U,0,U,0,U,0,U,0,U,0,U,0,U,0,U,0,U,0,U,0,U,0,U,0,U,0,U,0,U,0,U,0,U,0,U,0,U,0,U,0,U,0,U,0,U,0,U,0,U,0,U,0,U,0,U,0,U,0,U,0,U,0,U,0,U,0,U,0,U,0,U,0,U,0,U,0,U,0,U,0,U,0,U,0,U,0,U,0,U,0,U,0,U,0,U,0,U,0,U,0,U,0,U,0,U,0,U,0,U,0,U,0,U,0,U,0,U,0,U,0,U,0,U,0,U,0,U,0,U,0,U,0,U,0,U,0,U,0,U,0,U,0,U,0,U,0,U,0,U,0,U,0,U,0,U,0,U,0,U,0,U,0,U,0,U,0,U,0,U,0,U,0,U,0,U,0,U,0,U,0,U,0,U,0,U,0,U,0,U,0,U,0,U,0,U,0,U,0,U,0,U,0,U,0,U,0,U,0,U,0,U,0,U,0,U,0,U,0,U,0,U,0,U,0,U,0,U,0,U,0,U,0,U
PCB 175,0,U,0,U,0,U,0,U,0,U,0,U,0,U,0,U,0,U,0,U,0,U,0,U,0,U,0,U,0,U,0,U,0,U,0,U,0,U,0,U,0,U,0,U,0,U,0,U,0,U,0,U,0,U,0,U,0,U,0,U,0,U,0,U,0,U,0,U,0,U,0,U,0,U,0,U,0,U,0,U,0,U,0,U,0,U,0,U,0,U,0,U,0,U,0,U,0,U,0,U,0,U,0,U,0,U,0,U,0,U,0,U,0,U,0,U,0,U,0,U,0,U,0,U,0,U,0,U,0,U,0,U,0,U,0,U,0,U,0,U,0,U,0,U,0,U,0,U,0,U,0,U,0,U,0,U,0,U,0,U,0,U,0,U,0,U,0,U,0,U,0,U,0,U,0,U,0,U,0,U,0,U,0,U,0,U,0,U,0,U,0,U,0,U,0,U,0,U,0,U,0,U,0,U,0,U,0,U,0,U,0,U,0,U,0,U,0,U,0,U,0,U,0,U,0,U,0,U,0,U,0,U,0,U,0,U,0,U,0,U,0,U,0,U,0,U,0,U,0,U,0,U,0,U,0,U,0,U,0,U,0,U,0,U,0,U,0,U,0,U,0,U
PCB 187/182,0,U,0,U,0,U,0,U,0,U,0,U,0,U,0,U,0,U,0,U,0,U,0,U,0,U,0,U,0,U,0,U,0,U,0,U,0,U,0,U,0.06,J,0.09,J,0.82, ,0.51, ,0,U,0,U,0,U,0,U,0,U,0.04,J,0.04,J,0.13, ,0.38, ,0.93, ,0,U,0,U,0,U,0,U,0,U,0,U,0,U,0,U,0,U,0,U,0.09,J,0.09,J,0,U,0,U,0,U,0,U,0,U,0,U,0,U,0,U,0,U,0,U,0,U,0,U,0.21, ,0,U,0,U,0,U,0.09,J,0,U,0,U,0,U,0,U,0,U,0,U,0,U,0,U,0.9, ,0,U,0,U,0,U,0,U,0,U,0,U,0,U,0,U,0,U,0,U,0.07,J,0,U,0,U,0,U,0,U,0,U,0,U,0,U,0,U,0,U,0.31, ,0,U,0,U,0,U,0,U,0,U,0.19, ,0,U,0,U,0,U,0,U,0,U,0,U,0,U,0.71, ,0,U,0,U,0,U,0,U,0,U,0,U,0,U,0,U,0,U,0,U,0,U,0,U,0,U,0,U,0,U,0,U,0,U,0,U,0,U,0,U,0,U,0,U,0,U,0,U,0,U,0.43, ,0,U,0,U,0,U
PCB 183,0,U,0,U,0,U,0,U,0,U,0,U,0,U,0,U,0,U,0,U,0,U,0,U,0,U,0,U,0,U,0,U,0,U,0,U,0,U,0,U,0,U,0.07, ,0.43, ,0.19, ,0,U,0,U,0,U,0,U,0,U,0,U,0.06, ,0.19, ,0.1, ,0.36, ,0,U,0,U,0,U,0,U,0,U,0,U,0,U,0,U,0,U,0,U,0.06, ,0,U,0,U,0,U,0,U,0,U,0,U,0,U,0,U,0,U,0,U,0,U,0,U,0,U,0,U,0,U,0,U,0,U,0.05, ,0,U,0,U,0,U,0,U,0,U,0,U,0,U,0,U,0.48, ,0,U,0,U,0,U,0,U,0,U,0,U,0,U,0,U,0,U,0,U,0,U,0,U,0,U,0,U,0,U,0,U,0,U,0,U,0,U,0,U,0.16, ,0,U,0,U,0,U,0,U,0,U,0.08, ,0,U,0,U,0,U,0,U,0,U,0,U,0,U,0.32, ,0,U,0,U,0,U,0,U,0,U,0,U,0,U,0,U,0,U,0,U,0,U,0,U,0,U,0,U,0,U,0,U,0,U,0,U,0,U,0,U,0,U,0,U,0,U,0,U,0,U,0.51, ,0,U,0,U,0,U
PCB 185,0,U,0,U,0,U,0,U,0,U,0,U,0,U,0,U,0,U,0,U,0,U,0,U,0,U,0,U,0,U,0,U,0,U,0,U,0,U,0,U,0,U,0,U,0,U,0,U,0,U,0,U,0,U,0,U,0,U,0,U,0,U,0,U,0,U,0,U,0,U,0,U,0,U,0,U,0,U,0,U,0,U,0,U,0,U,0,U,0,U,0,U,0,U,0,U,0,U,0,U,0,U,0,U,0,U,0,U,0,U,0,U,0,U,0,U,0,U,0,U,0,U,0,U,0,U,0,U,0,U,0,U,0,U,0,U,0,U,0,U,0,U,0,U,0,U,0,U,0,U,0,U,0,U,0,U,0,U,0,U,0,U,0,U,0,U,0,U,0,U,0,U,0,U,0,U,0,U,0,U,0,U,0,U,0,U,0,U,0,U,0,U,0,U,0,U,0,U,0,U,0,U,0,U,0,U,0,U,0,U,0,U,0,U,0,U,0,U,0,U,0,U,0,U,0,U,0,U,0,U,0,U,0,U,0,U,0,U,0,U,0,U,0,U,0,U,0,U,0,U,0,U,0,U,0,U,0,U,0,U,0,U,0,U,0,U,0,U,0,U,0,U
PCB 174,0,U,0,U,0,U,0,U,0,U,0,U,0,U,0,U,0,U,0,U,0,U,0,U,0,U,0,U,0,U,0,U,0,U,0,U,0,U,0,U,0,U,0,U,0,U,0,U,0,U,0,U,0,U,0,U,0,U,0,U,0,U,0,U,0,U,0,U,0,U,0,U,0,U,0,U,0,U,0,U,0,U,0,U,0,U,0,U,0,U,0,U,0,U,0,U,0,U,0,U,0,U,0,U,0,U,0,U,0,U,0,U,0,U,0,U,0,U,0,U,0,U,0,U,0,U,0,U,0,U,0,U,0,U,0,U,0,U,0,U,0,U,0,U,0,U,0,U,0,U,0,U,0,U,0,U,0,U,0,U,0,U,0,U,0,U,0,U,0,U,0,U,0,U,0,U,0,U,0,U,0,U,0,U,0,U,0,U,0,U,0,U,0,U,0,U,0,U,0,U,0,U,0,U,0,U,0,U,0,U,0,U,0,U,0,U,0,U,0,U,0,U,0,U,0,U,0,U,0,U,0,U,0,U,0,U,0,U,0,U,0,U,0,U,0,U,0,U,0,U,0,U,0,U,0,U,0,U,0,U,0,U,0,U,0,U,0,U,0,U,0,U
PCB 181,0,U,0,U,0,U,0,U,0,U,0,U,0,U,0,U,0,U,0,U,0,U,0,U,0,U,0,U,0,U,0,U,0,U,0,U,0,U,0,U,0,U,0,U,0,U,0,U,0,U,0,U,0,U,0,U,0,U,0,U,0,U,0,U,0,U,0,U,0,U,0,U,0,U,0,U,0,U,0,U,0,U,0,U,0,U,0,U,0,U,0,U,0,U,0,U,0,U,0,U,0,U,0,U,0,U,0,U,0,U,0,U,0,U,0,U,0,U,0,U,0,U,0,U,0,U,0,U,0,U,0,U,0,U,0,U,0,U,0,U,0,U,0,U,0,U,0,U,0,U,0,U,0,U,0,U,0,U,0,U,0,U,0,U,0,U,0,U,0,U,0,U,0,U,0,U,0,U,0,U,0,U,0,U,0,U,0,U,0,U,0,U,0,U,0,U,0,U,0,U,0,U,0,U,0,U,0,U,0,U,0,U,0,U,0,U,0,U,0,U,0,U,0,U,0,U,0,U,0,U,0,U,0,U,0,U,0,U,0,U,0,U,0,U,0,U,0,U,0,U,0,U,0,U,0,U,0,U,0,U,0,U,0,U,0,U,0,U,0,U,0,U
PCB 177,0,U,0,U,0,U,0,U,0,U,0,U,0,U,0,U,0,U,0,U,0,U,0,U,0,U,0,U,0,U,0,U,0,U,0,U,0,U,0,U,0,U,0,U,0,U,0,U,0,U,0,U,0,U,0,U,0,U,0,U,0,U,0,U,0,U,0,U,0,U,0,U,0,U,0,U,0,U,0,U,0,U,0,U,0,U,0,U,0,U,0,U,0,U,0,U,0,U,0,U,0,U,0,U,0,U,0,U,0,U,0,U,0,U,0,U,0,U,0,U,0,U,0,U,0,U,0,U,0,U,0,U,0,U,0,U,0,U,0,U,0,U,0,U,0,U,0,U,0,U,0,U,0,U,0,U,0,U,0,U,0,U,0,U,0,U,0,U,0,U,0,U,0,U,0,U,0,U,0,U,0,U,0,U,0,U,0,U,0,U,0,U,0,U,0,U,0,U,0,U,0,U,0,U,0,U,0,U,0,U,0,U,0,U,0,U,0,U,0,U,0,U,0,U,0,U,0,U,0,U,0,U,0,U,0,U,0,U,0,U,0,U,0,U,0,U,0,U,0,U,0,U,0,U,0,U,0,U,0,U,0,U,0,U,0.22, ,0,U,0,U,0,U
PCB 171,0,U,0,U,0,U,0,U,0,U,0,U,0,U,0,U,0,U,0,U,0,U,0,U,0,U,0,U,0,U,0,U,0,U,0,U,0,U,0,U,0,U,0,U,0,U,0,U,0,U,0,U,0,U,0,U,0,U,0,U,0,U,0,U,0,U,0,U,0,U,0,U,0,U,0,U,0,U,0,U,0,U,0,U,0,U,0,U,0,U,0,U,0,U,0,U,0,U,0,U,0,U,0,U,0,U,0,U,0,U,0,U,0,U,0,U,0,U,0,U,0,U,0,U,0,U,0,U,0,U,0,U,0,U,0,U,0,U,0,U,0,U,0,U,0,U,0,U,0,U,0,U,0,U,0,U,0,U,0,U,0,U,0,U,0,U,0,U,0,U,0,U,0,U,0,U,0,U,0,U,0,U,0,U,0,U,0,U,0,U,0,U,0,U,0,U,0,U,0,U,0,U,0,U,0,U,0,U,0,U,0,U,0,U,0,U,0,U,0,U,0,U,0,U,0,U,0,U,0,U,0,U,0,U,0,U,0,U,0,U,0,U,0,U,0,U,0,U,0,U,0,U,0,U,0,U,0,U,0,U,0,U,0,U,0,U,0,U,0,U,0,U
PCB 173,0,U,0,U,0,U,0,U,0,U,0,U,0,U,0,U,0,U,0,U,0,U,0,U,0,U,0,U,0,U,0,U,0,U,0,U,0,U,0,U,0,U,0,U,0,U,0,U,0,U,0,U,0,U,0,U,0,U,0,U,0,U,0,U,0,U,0,U,0,U,0,U,0,U,0,U,0,U,0,U,0,U,0,U,0,U,0,U,0,U,0,U,0,U,0,U,0,U,0,U,0,U,0,U,0,U,0,U,0,U,0,U,0,U,0,U,0,U,0,U,0,U,0,U,0,U,0,U,0,U,0,U,0,U,0,U,0,U,0,U,0,U,0,U,0,U,0,U,0,U,0,U,0,U,0,U,0,U,0,U,0,U,0,U,0,U,0,U,0,U,0,U,0,U,0,U,0,U,0,U,0,U,0,U,0,U,0,U,0,U,0,U,0,U,0,U,0,U,0,U,0,U,0,U,0,U,0,U,0,U,0,U,0,U,0,U,0,U,0,U,0,U,0,U,0,U,0,U,0,U,0,U,0,U,0,U,0,U,0,U,0,U,0,U,0,U,0,U,0,U,0,U,0,U,0,U,0,U,0,U,0,U,0,U,0,U,0,U,0,U,0,U
PCB 192/172,0,U,0,U,0,U,0,U,0,U,0,U,0,U,0,U,0,U,0,U,0,U,0,U,0,U,0,U,0,U,0,U,0,U,0,U,0,U,0,U,0,U,0,U,0,U,0,U,0,U,0,U,0,U,0,U,0,U,0,U,0,U,0,U,0,U,0,U,0,U,0,U,0,U,0,U,0,U,0,U,0,U,0,U,0,U,0,U,0,U,0,U,0,U,0,U,0,U,0,U,0,U,0,U,0,U,0,U,0,U,0,U,0,U,0,U,0,U,0,U,0,U,0,U,0,U,0,U,0,U,0,U,0,U,0,U,0,U,0,U,0,U,0,U,0,U,0,U,0,U,0,U,0,U,0,U,0,U,0,U,0,U,0,U,0,U,0,U,0,U,0,U,0,U,0,U,0,U,0,U,0,U,0,U,0,U,0,U,0,U,0,U,0,U,0,U,0,U,0,U,0,U,0,U,0,U,0,U,0,U,0,U,0,U,0,U,0,U,0,U,0,U,0,U,0,U,0,U,0,U,0,U,0,U,0,U,0,U,0,U,0,U,0,U,0,U,0,U,0,U,0,U,0,U,0,U,0,U,0,U,0,U,0,U,0,U,0,U,0,U,0,U
PCB 180/193,0.03,J,0,U,0,U,0,U,0,U,0,U,0,U,0,U,0,U,0,U,0,U,0,U,0,U,0,U,0,U,0,U,0,U,0,U,0,U,0,U,0.14, ,0.36, ,2.57, ,0.97, ,0,U,0,U,0,U,0.11, ,0,U,0.15, ,0.27, ,0.96, ,0.66, ,2.17, ,0,U,0,U,0,U,0,U,0,U,0,U,0,U,0,U,0,U,0,U,0.33, ,0.14, ,0,U,0,U,0,U,0,U,0.15, ,0,U,0,U,0,U,0,U,0,U,0,U,0.34, ,0.27, ,0.1, ,0.09, ,0.16, ,0.46, ,0,U,0,U,0,U,0.16, ,0,U,0,U,0,U,0,U,2.59, ,0,U,0,U,0,U,0,U,0,U,0,U,0,U,0,U,0,U,0,U,0.18, ,0,U,0,U,0,U,0,U,0,U,0,U,0,U,0,U,0.08, ,1.04, ,0,U,0,U,0,U,0.15, ,0,U,0.45, ,0,U,0,U,0,U,0,U,0,U,0,U,0,U,2.4, ,0,U,0,U,0,U,0,U,0,U,0,U,0,U,0,U,0,U,0,U,0,U,0,U,0,U,0,U,0.44, ,0,U,0,U,0,U,0,U,0,U,0,U,0,U,0,U,0,U,0,U,3.6, ,0,U,0.07, ,0,U
PCB 191,0,U,0,U,0,U,0,U,0,U,0,U,0,U,0,U,0,U,0,U,0,U,0,U,0,U,0,U,0,U,0,U,0,U,0,U,0,U,0,U,0,U,0,U,0,U,0,U,0,U,0,U,0,U,0,U,0,U,0,U,0,U,0,U,0,U,0,U,0,U,0,U,0,U,0,U,0,U,0,U,0,U,0,U,0,U,0,U,0,U,0,U,0,U,0,U,0,U,0,U,0,U,0,U,0,U,0,U,0,U,0,U,0,U,0,U,0,U,0,U,0,U,0,U,0,U,0,U,0,U,0,U,0,U,0,U,0,U,0,U,0,U,0,U,0,U,0,U,0,U,0,U,0,U,0,U,0,U,0,U,0,U,0,U,0,U,0,U,0,U,0,U,0,U,0,U,0,U,0,U,0,U,0,U,0,U,0,U,0,U,0,U,0,U,0,U,0,U,0,U,0,U,0,U,0,U,0,U,0,U,0,U,0,U,0,U,0,U,0,U,0,U,0,U,0,U,0,U,0,U,0,U,0,U,0,U,0,U,0,U,0,U,0,U,0,U,0,U,0,U,0,U,0,U,0,U,0,U,0,U,0,U,0,U,0,U,0,U,0,U,0,U
PCB 170/190,0,U,0,U,0,U,0,U,0,U,0,U,0,U,0,U,0,U,0,U,0,U,0,U,0,U,0,U,0,U,0,U,0,U,0,U,0,U,0,U,0.03,J,0.13, ,1.14, ,0.31, ,0,U,0,U,0,U,0,U,0,U,0,U,0.11, ,0.42, ,0.23, ,0.73, ,0,U,0,U,0,U,0,U,0,U,0,U,0,U,0,U,0,U,0,U,0,U,0,U,0,U,0,U,0,U,0,U,0,U,0,U,0,U,0,U,0,U,0,U,0,U,0,U,0,U,0,U,0,U,0,U,0,U,0,U,0,U,0,U,0,U,0,U,0,U,0,U,0,U,0.9, ,0,U,0,U,0,U,0,U,0,U,0,U,0,U,0,U,0,U,0,U,0,U,0,U,0,U,0,U,0,U,0,U,0,U,0,U,0,U,0,U,0.21, ,0,U,0,U,0,U,0,U,0,U,0.12, ,0,U,0,U,0,U,0,U,0,U,0,U,0,U,0,U,0,U,0,U,0,U,0,U,0,U,0,U,0,U,0,U,0,U,0,U,0,U,0,U,0,U,0,U,0,U,0,U,0,U,0,U,0,U,0,U,0,U,0,U,0,U,0,U,0,U,1.11, ,0,U,0,U,0,U
PCB 189,0,U,0,U,0,U,0,U,0,U,0,U,0,U,0,U,0,U,0,U,0,U,0,U,0,U,0,U,0,U,0,U,0,U,0,U,0,U,0,U,0,U,0,U,0,U,0,U,0,U,0,U,0,U,0,U,0,U,0,U,0,U,0,U,0,U,0,U,0,U,0,U,0,U,0,U,0,U,0,U,0,U,0,U,0,U,0,U,0,U,0,U,0,U,0,U,0,U,0,U,0,U,0,U,0,U,0,U,0,U,0,U,0,U,0,U,0,U,0,U,0,U,0,U,0,U,0,U,0,U,0,U,0,U,0,U,0,U,0,U,0,U,0,U,0,U,0,U,0,U,0,U,0,U,0,U,0,U,0,U,0,U,0,U,0,U,0,U,0,U,0,U,0,U,0,U,0,U,0,U,0,U,0,U,0,U,0,U,0,U,0,U,0,U,0,U,0,U,0,U,0,U,0,U,0,U,0,U,0,U,0,U,0,U,0,U,0,U,0,U,0,U,0,U,0,U,0,U,0,U,0,U,0,U,0,U,0,U,0,U,0,U,0,U,0,U,0,U,0,U,0,U,0,U,0,U,0,U,0,U,0,U,0,U,0,U,0,U,0,U,0,U
PCB 202,0,U,0,U,0,U,0,U,0,U,0,U,0,U,0,U,0,U,0,U,0,U,0,U,0,U,0,U,0,U,0,U,0,U,0,U,0,U,0,U,0,U,0,U,0,U,0,U,0,U,0,U,0,U,0,U,0,U,0,U,0,U,0,U,0,U,0,U,0,U,0,U,0,U,0,U,0,U,0,U,0,U,0,U,0,U,0,U,0,U,0,U,0,U,0,U,0,U,0,U,0,U,0,U,0,U,0,U,0,U,0,U,0,U,0,U,0,U,0,U,0,U,0,U,0,U,0,U,0,U,0,U,0,U,0,U,0,U,0,U,0,U,0,U,0,U,0,U,0,U,0,U,0,U,0,U,0,U,0,U,0,U,0,U,0,U,0,U,0,U,0,U,0,U,0,U,0,U,0,U,0,U,0,U,0,U,0,U,0,U,0,U,0,U,0,U,0,U,0,U,0,U,0,U,0,U,0,U,0,U,0,U,0,U,0,U,0,U,0,U,0,U,0,U,0,U,0,U,0,U,0,U,0,U,0,U,0,U,0,U,0,U,0,U,0,U,0,U,0,U,0,U,0,U,0,U,0,U,0,U,0,U,0,U,0,U,0,U,0,U,0,U
PCB 201,0,U,0,U,0,U,0,U,0,U,0,U,0,U,0,U,0,U,0,U,0,U,0,U,0,U,0,U,0,U,0,U,0,U,0,U,0,U,0,U,0,U,0,U,0,U,0,U,0,U,0,U,0,U,0,U,0,U,0,U,0,U,0,U,0,U,0,U,0,U,0,U,0,U,0,U,0,U,0,U,0,U,0,U,0,U,0,U,0,U,0,U,0,U,0,U,0,U,0,U,0,U,0,U,0,U,0,U,0,U,0,U,0,U,0,U,0,U,0,U,0,U,0,U,0,U,0,U,0,U,0,U,0,U,0,U,0,U,0,U,0,U,0,U,0,U,0,U,0,U,0,U,0,U,0,U,0,U,0,U,0,U,0,U,0,U,0,U,0,U,0,U,0,U,0,U,0,U,0,U,0,U,0,U,0,U,0,U,0,U,0,U,0,U,0,U,0,U,0,U,0,U,0,U,0,U,0,U,0,U,0,U,0,U,0,U,0,U,0,U,0,U,0,U,0,U,0,U,0,U,0,U,0,U,0,U,0,U,0,U,0,U,0,U,0,U,0,U,0,U,0,U,0,U,0,U,0,U,0,U,0,U,0,U,0,U,0,U,0,U,0,U
PCB 204,0,U,0,U,0,U,0,U,0,U,0,U,0,U,0,U,0,U,0,U,0,U,0,U,0,U,0,U,0,U,0,U,0,U,0,U,0,U,0,U,0,U,0,U,0,U,0,U,0,U,0,U,0,U,0,U,0,U,0,U,0,U,0,U,0,U,0,U,0,U,0,U,0,U,0,U,0,U,0,U,0,U,0,U,0,U,0,U,0,U,0,U,0,U,0,U,0,U,0,U,0,U,0,U,0,U,0,U,0,U,0,U,0,U,0,U,0,U,0,U,0,U,0,U,0,U,0,U,0,U,0,U,0,U,0,U,0,U,0,U,0,U,0,U,0,U,0,U,0,U,0,U,0,U,0,U,0,U,0,U,0,U,0,U,0,U,0,U,0,U,0,U,0,U,0,U,0,U,0,U,0,U,0,U,0,U,0,U,0,U,0,U,0,U,0,U,0,U,0,U,0,U,0,U,0,U,0,U,0,U,0,U,0,U,0,U,0,U,0,U,0,U,0,U,0,U,0,U,0,U,0,U,0,U,0,U,0,U,0,U,0,U,0,U,0,U,0,U,0,U,0,U,0,U,0,U,0,U,0,U,0,U,0,U,0,U,0,U,0,U,0,U
PCB 197,0,U,0,U,0,U,0,U,0,U,0,U,0,U,0,U,0,U,0,U,0,U,0,U,0,U,0,U,0,U,0,U,0,U,0,U,0,U,0,U,0,U,0,U,0,U,0,U,0,U,0,U,0,U,0,U,0,U,0,U,0,U,0,U,0,U,0,U,0,U,0,U,0,U,0,U,0,U,0,U,0,U,0,U,0,U,0,U,0,U,0,U,0,U,0,U,0,U,0,U,0,U,0,U,0,U,0,U,0,U,0,U,0,U,0,U,0,U,0,U,0,U,0,U,0,U,0,U,0,U,0,U,0,U,0,U,0,U,0,U,0,U,0,U,0,U,0,U,0,U,0,U,0,U,0,U,0,U,0,U,0,U,0,U,0,U,0,U,0,U,0,U,0,U,0,U,0,U,0,U,0,U,0,U,0,U,0,U,0,U,0,U,0,U,0,U,0,U,0,U,0,U,0,U,0,U,0,U,0,U,0,U,0,U,0,U,0,U,0,U,0,U,0,U,0,U,0,U,0,U,0,U,0,U,0,U,0,U,0,U,0,U,0,U,0,U,0,U,0,U,0,U,0,U,0,U,0,U,0,U,0,U,0,U,0,U,0,U,0,U,0,U
PCB 200,0,U,0,U,0,U,0,U,0,U,0,U,0,U,0,U,0,U,0,U,0,U,0,U,0,U,0,U,0,U,0,U,0,U,0,U,0,U,0,U,0,U,0,U,0,U,0,U,0,U,0,U,0,U,0,U,0,U,0,U,0,U,0,U,0,U,0,U,0,U,0,U,0,U,0,U,0,U,0,U,0,U,0,U,0,U,0,U,0,U,0,U,0,U,0,U,0,U,0,U,0,U,0,U,0,U,0,U,0,U,0,U,0,U,0,U,0,U,0,U,0,U,0,U,0,U,0,U,0,U,0,U,0,U,0,U,0,U,0,U,0,U,0,U,0,U,0,U,0,U,0,U,0,U,0,U,0,U,0,U,0,U,0,U,0,U,0,U,0,U,0,U,0,U,0,U,0,U,0,U,0,U,0,U,0,U,0,U,0,U,0,U,0,U,0,U,0,U,0,U,0,U,0,U,0,U,0,U,0,U,0,U,0,U,0,U,0,U,0,U,0,U,0,U,0,U,0,U,0,U,0,U,0,U,0,U,0,U,0,U,0,U,0,U,0,U,0,U,0,U,0,U,0,U,0,U,0,U,0,U,0,U,0,U,0,U,0,U,0,U,0,U
PCB 198,0,U,0,U,0,U,0,U,0,U,0,U,0,U,0,U,0,U,0,U,0,U,0,U,0,U,0,U,0,U,0,U,0,U,0,U,0,U,0,U,0,U,0,U,0,U,0,U,0,U,0,U,0,U,0,U,0,U,0,U,0,U,0,U,0,U,0,U,0,U,0,U,0,U,0,U,0,U,0,U,0,U,0,U,0,U,0,U,0,U,0,U,0,U,0,U,0,U,0,U,0,U,0,U,0,U,0,U,0,U,0,U,0,U,0,U,0,U,0,U,0,U,0,U,0,U,0,U,0,U,0,U,0,U,0,U,0,U,0,U,0,U,0.2, ,0,U,0,U,0,U,0,U,0,U,0,U,0,U,0,U,0,U,0,U,0,U,0,U,0,U,0,U,0,U,0,U,0,U,0,U,0,U,0,U,0,U,0,U,0,U,0,U,0,U,0,U,0,U,0,U,0,U,0,U,0,U,0,U,0,U,0,U,0,U,0,U,0,U,0,U,0,U,0,U,0,U,0,U,0,U,0,U,0,U,0,U,0,U,0,U,0,U,0,U,0,U,0,U,0,U,0,U,0,U,0,U,0,U,0,U,0,U,0,U,0,U,0,U,0,U,0,U
PCB 199,0,U,0,U,0,U,0,U,0,U,0,U,0,U,0,U,0,U,0,U,0,U,0,U,0,U,0,U,0,U,0,U,0,U,0,U,0,U,0,U,0,U,0,U,0,U,0,U,0,U,0,U,0,U,0,U,0,U,0,U,0,U,0,U,0,U,0,U,0,U,0,U,0,U,0,U,0,U,0,U,0,U,0,U,0,U,0,U,0,U,0,U,0,U,0,U,0,U,0,U,0,U,0,U,0,U,0,U,0,U,0,U,0,U,0,U,0,U,0,U,0,U,0,U,0,U,0,U,0,U,0,U,0,U,0,U,0,U,0,U,0,U,0.58, ,0,U,0,U,0,U,0,U,0,U,0,U,0,U,0,U,0,U,0,U,0,U,0,U,0,U,0,U,0,U,0,U,0,U,0,U,0,U,0,U,0,U,0,U,0,U,0,U,0,U,0,U,0,U,0,U,0,U,0,U,0,U,0,U,0,U,0,U,0.18, ,0,U,0,U,0,U,0,U,0,U,0,U,0,U,0,U,0,U,0,U,0,U,0,U,0,U,0,U,0,U,0,U,0,U,0,U,0,U,0,U,0,U,0,U,0,U,0,U,0,U,1.18, ,0,U,0,U,0,U
PCB 203/196,0,U,0,U,0,U,0,U,0,U,0,U,0,U,0,U,0,U,0,U,0,U,0,U,0,U,0,U,0,U,0,U,0,U,0,U,0,U,0,U,0,U,0,U,0.67, ,0.32, ,0,U,0,U,0,U,0,U,0,U,0,U,0,U,0.16, ,0,U,0.58, ,0,U,0,U,0,U,0,U,0,U,0,U,0,U,0,U,0,U,0,U,0,U,0,U,0,U,0,U,0,U,0,U,0,U,0,U,0,U,0,U,0,U,0,U,0,U,0,U,0,U,0,U,0,U,0,U,0,U,0,U,0,U,0,U,0,U,0,U,0,U,0,U,0,U,0,U,0,U,0,U,0,U,0,U,0,U,0,U,0,U,0,U,0,U,0,U,0,U,0,U,0,U,0,U,0,U,0,U,0,U,0,U,0,U,0,U,0,U,0,U,0,U,0,U,0,U,0,U,0,U,0,U,0,U,0,U,0,U,0,U,0,U,0,U,0.46, ,0,U,0,U,0,U,0,U,0,U,0,U,0,U,0,U,0,U,0,U,0,U,0,U,0,U,0,U,0,U,0,U,0,U,0,U,0,U,0,U,0,U,0,U,0,U,0,U,0,U,0,U,0,U,0,U,0,U
PCB 195,0,U,0,U,0,U,0,U,0,U,0,U,0,U,0,U,0,U,0,U,0,U,0,U,0,U,0,U,0,U,0,U,0,U,0,U,0,U,0,U,0,U,0,U,0,U,0,U,0,U,0,U,0,U,0,U,0,U,0,U,0,U,0,U,0,U,0,U,0,U,0,U,0,U,0,U,0,U,0,U,0,U,0,U,0,U,0,U,0,U,0,U,0,U,0,U,0,U,0,U,0,U,0,U,0,U,0,U,0,U,0,U,0,U,0,U,0,U,0,U,0,U,0,U,0,U,0,U,0,U,0,U,0,U,0,U,0,U,0,U,0,U,0.21, ,0,U,0,U,0,U,0,U,0,U,0,U,0,U,0,U,0,U,0,U,0,U,0,U,0,U,0,U,0,U,0,U,0,U,0,U,0,U,0,U,0,U,0,U,0,U,0,U,0,U,0,U,0,U,0,U,0,U,0,U,0,U,0,U,0,U,0,U,0.17, ,0,U,0,U,0,U,0,U,0,U,0,U,0,U,0,U,0,U,0,U,0,U,0,U,0,U,0,U,0,U,0,U,0,U,0,U,0,U,0,U,0,U,0,U,0,U,0,U,0,U,0.21, ,0,U,0,U,0,U
PCB 194,0,U,0,U,0,U,0,U,0,U,0,U,0,U,0,U,0,U,0,U,0,U,0,U,0,U,0,U,0,U,0,U,0,U,0,U,0,U,0,U,0,U,0,U,0.66, ,0,U,0,U,0,U,0,U,0,U,0,U,0,U,0,U,0.19, ,0,U,0.68, ,0,U,0,U,0,U,0,U,0,U,0,U,0,U,0,U,0,U,0,U,0,U,0,U,0,U,0,U,0,U,0,U,0,U,0,U,0,U,0,U,0,U,0,U,0,U,0,U,0,U,0,U,0,U,0,U,0,U,0,U,0,U,0,U,0,U,0,U,0,U,0,U,0,U,0.65, ,0,U,0,U,0,U,0,U,0,U,0,U,0,U,0,U,0,U,0,U,0,U,0,U,0,U,0,U,0,U,0,U,0,U,0,U,0,U,0,U,0,U,0,U,0,U,0,U,0,U,0,U,0,U,0,U,0,U,0,U,0,U,0,U,0,U,0,U,0.68, ,0,U,0,U,0,U,0,U,0,U,0,U,0,U,0,U,0,U,0,U,0,U,0,U,0,U,0,U,0,U,0,U,0,U,0,U,0,U,0,U,0,U,0,U,0,U,0,U,0,U,1.44, ,0,U,0,U,0,U
PCB 205,0,U,0,U,0,U,0,U,0,U,0,U,0,U,0,U,0,U,0,U,0,U,0,U,0,U,0,U,0,U,0,U,0,U,0,U,0,U,0,U,0,U,0,U,0,U,0,U,0,U,0,U,0,U,0,U,0,U,0,U,0,U,0,U,0,U,0,U,0,U,0,U,0,U,0,U,0,U,0,U,0,U,0,U,0,U,0,U,0,U,0,U,0,U,0,U,0,U,0,U,0,U,0,U,0,U,0,U,0,U,0,U,0,U,0,U,0,U,0,U,0,U,0,U,0,U,0,U,0,U,0,U,0,U,0,U,0,U,0,U,0,U,0,U,0,U,0,U,0,U,0,U,0,U,0,U,0,U,0,U,0,U,0,U,0,U,0,U,0,U,0,U,0,U,0,U,0,U,0,U,0,U,0,U,0,U,0,U,0,U,0,U,0,U,0,U,0,U,0,U,0,U,0,U,0,U,0,U,0,U,0,U,0,U,0,U,0,U,0,U,0,U,0,U,0,U,0,U,0,U,0,U,0,U,0,U,0,U,0,U,0,U,0,U,0,U,0,U,0,U,0,U,0,U,0,U,0,U,0,U,0,U,0,U,0,U,0,U,0,U,0,U
PCB 208,0,U,0,U,0,U,0,U,0,U,0,U,0,U,0,U,0,U,0,U,0,U,0,U,0,U,0,U,0,U,0,U,0,U,0,U,0,U,0,U,0,U,0,U,0,U,0,U,0,U,0,U,0,U,0,U,0,U,0,U,0,U,0,U,0,U,0,U,0,U,0,U,0,U,0,U,0,U,0,U,0,U,0,U,0,U,0,U,0,U,0,U,0,U,0,U,0,U,0,U,0,U,0,U,0,U,0,U,0,U,0,U,0,U,0,U,0,U,0,U,0,U,0,U,0,U,0,U,0,U,0,U,0,U,0,U,0,U,0,U,0,U,0,U,0,U,0,U,0,U,0,U,0,U,0,U,0,U,0,U,0,U,0,U,0,U,0,U,0,U,0,U,0,U,0,U,0,U,0,U,0,U,0,U,0,U,0,U,0,U,0,U,0,U,0,U,0,U,0,U,0,U,0,U,0,U,0,U,0,U,0,U,0,U,0,U,0,U,0,U,0,U,0,U,0,U,0,U,0,U,0,U,0,U,0,U,0,U,0,U,0,U,0,U,0,U,0,U,0,U,0,U,0,U,0,U,0,U,0,U,0,U,0,U,0,U,0,U,0,U,0,U
PCB 207,0,U,0,U,0,U,0,U,0,U,0,U,0,U,0,U,0,U,0,U,0,U,0,U,0,U,0,U,0,U,0,U,0,U,0,U,0,U,0,U,0,U,0,U,0,U,0,U,0,U,0,U,0,U,0,U,0,U,0,U,0,U,0,U,0,U,0,U,0,U,0,U,0,U,0,U,0,U,0,U,0,U,0,U,0,U,0,U,0,U,0,U,0,U,0,U,0,U,0,U,0,U,0,U,0,U,0,U,0,U,0,U,0,U,0,U,0,U,0,U,0,U,0,U,0,U,0,U,0,U,0,U,0,U,0,U,0,U,0,U,0,U,0,U,0,U,0,U,0,U,0,U,0,U,0,U,0,U,0,U,0,U,0,U,0,U,0,U,0,U,0,U,0,U,0,U,0,U,0,U,0,U,0,U,0,U,0,U,0,U,0,U,0,U,0,U,0,U,0,U,0,U,0,U,0,U,0,U,0,U,0,U,0,U,0,U,0,U,0,U,0,U,0,U,0,U,0,U,0,U,0,U,0,U,0,U,0,U,0,U,0,U,0,U,0,U,0,U,0,U,0,U,0,U,0,U,0,U,0,U,0,U,0,U,0,U,0,U,0,U,0,U
PCB 206,0,U,0,U,0,U,0,U,0,U,0,U,0,U,0,U,0,U,0,U,0,U,0,U,0,U,0,U,0,U,0,U,0,U,0,U,0,U,0,U,0,U,0.07, ,0,U,0.18, ,0,U,0,U,0,U,0,U,0,U,0,U,0,U,0,U,0,U,0.08,J,0,U,0,U,0,U,0,U,0,U,0,U,0,U,0,U,0,U,0,U,0,U,0,U,0,U,0,U,0,U,0,U,0,U,0,U,0,U,0,U,0,U,0,U,0,U,0,U,0,U,0,U,0,U,0,U,0,U,0,U,0,U,0,U,0,U,0,U,0,U,0,U,0,U,0.05,J,0,U,0,U,0,U,0,U,0,U,0,U,0,U,0,U,0,U,0,U,0,U,0,U,0,U,0,U,0,U,0,U,0,U,0,U,0,U,0,U,0,U,0,U,0,U,0,U,0,U,0,U,0,U,0,U,0,U,0,U,0,U,0,U,0,U,0,U,0,U,0,U,0,U,0,U,0,U,0,U,0,U,0,U,0,U,0,U,0,U,0,U,0,U,0,U,0,U,0,U,0,U,0,U,0,U,0,U,0,U,0,U,0,U,0,U,0,U,0,U,0.31, ,0,U,0,U,0,U
PCB 209,0,U,0,U,0,U,0,U,0,U,0,U,0,U,0,U,0,U,0,U,0,U,0,U,0,U,0,U,0,U,0,U,0,U,0,U,0,U,0,U,0,U,0.07, ,0,U,0,U,0,U,0,U,0,U,0,U,0,U,0,U,0,U,0,U,0,U,0.04,J,0,U,0,U,0,U,0,U,0,U,0,U,0,U,0,U,0,U,0,U,0,U,0,U,0,U,0,U,0,U,0,U,0,U,0,U,0,U,0,U,0,U,0,U,0,U,0,U,0,U,0,U,0,U,0,U,0,U,0,U,0,U,0,U,0,U,0,U,0,U,0,U,0,U,0,U,0,U,0,U,0,U,0,U,0,U,0,U,0,U,0,U,0,U,0,U,0,U,0,U,0,U,0,U,0,U,0,U,0,U,0,U,0,U,0,U,0,U,0,U,0,U,0,U,0,U,0,U,0,U,0,U,0,U,0,U,0,U,0,U,0,U,0,U,0,U,0,U,0,U,0,U,0,U,0,U,0,U,0,U,0,U,0,U,0,U,0,U,0,U,0,U,0,U,0,U,0,U,0,U,0,U,0,U,0,U,0,U,0,U,0,U,0,U,0,U,0,U,0,U,0,U,0,U
Total PCB,0.09,,0,,0,,0,,0,,0,,0,,0,,0,,0,,0,,0,,0,,0,,0,,0,,0,,0,,0,,0,,0.51,,1.52,,10.1,,2.89,,0,,0,,0,,0.25,,0,,0.51,,1.46,,5.25,,2.64,,8.95,,0,,0,,0.65,,0,,0,,0,,0,,0,,0.12,,0,,0.92,,0.23,,0,,0,,0,,0,,0.37,,0,,0,,0,,0,,0.04,,0,,1.92,,0.6,,0.39,,0.31,,0.36,,1.36,,0.29,,0,,0,,0.42,,0.08,,0,,0,,0,,10.62,,0,,0,,0,,0,,0,,0,,0,,0,,0,,1.64,,0.5,,0,,0,,0,,0,,0,,0,,0,,0,,0.26,,2.79,,0,,0,,1.49,,0.4,,0,,1.9,,2.75,,20.36,,0.17,,0,,0,,0,,0.18,,7.58,,0,,5.38,,7.23,,0,,0,,0,,0.13,,0,,0,,0,,0,,0,,0,,0.21,,1.18,,0,,0,,0,,0,,0,,0,,0,,0,,0,,0,,14.13,,0,,0.17,,0,