Laboratory ID,HMB0001,,HMB0002,,HMB0003,,HMB0004,,HMB0005,,HMB0006,,HMB0007,,HMB0008,,HMB0009,,HMB0010,,HMB0011,,HMB0012,,HMB0013,,HMB0014,,HMB0015,,HMB0016,,HMB0017,,HMB0018,,HMB0019,,HMB0020,,HMB0021,,HMB0022,,HMB0023,,HMB0024,,HMB0025,,HMB0026,,HMB0027,,HMB0028,,HMB0029,,HMB0030,,HMB0031,,HMB0032,,HMB0033,,HMB0034,,HMB0035,,HMB0036,,HMB0037,,HMB0038,,HMB0039,,HMB0040,,HMB0041,,HMB0042,,HMB0043,,HMB0044,,HMB0045,,HMB0046,,HMB0047,,HMB0048,,HMB0049,,HMB0050,,HMB0051,,HMB0052,,HMB0053,,HMB0054,,HMB0055,,HMB0056,,HMB0057,,HMB0058,,HMB0059,,HMB0060,,HMB0061,,HMB0062,,HMB0063,,HMB0064,,HMB0065,,HMB0066,,HMB0067,,HMB0068,,HMB0069,,HMB0070,,HMB0071,,HMB0072,,HMB0073,,HMB0074,,HMB0075,,HMB0076,,HMB0077,,HMB0078,,HMB0079,,HMB0080,,HMB0081,,HMB0082,,HMB0083,,HMB0084,,HMB0085,,HMB0086,,HMB0087,,HMB0088,,HMB0089,,HMB0090,,HMB0091,,HMB0092,,HMB0093,,HMB0094,,HMB0095,,HMB0096,,HMB0097,,HMB0098,,HMB0099,,HMB0100,,HMB0101,,HMB0102,,HMB0103,,HMB0104,,HMB0105,,HMB0106,,HMB0107,,HMB0108,,HMB0109,,HMB0110,,HMB0111,,HMB0112,,HMB0113,,HMB0114,,HMB0115,,HMB0116,,HMB0117,,HMB0118,,HMB0119,,HMB0120,,HMB0121,,HMB0122,,HMB0123,,HMB0124,,HMB0125,,HMB0126,,HMB0127,,HMB0128,,HMB0129,,HMB0130,,HMB0131,,HMB0132,,HMB0133,,HMB0134,,HMB0135,,HMB0136,
Sample ID,KWKAPE-1,,KWKAPE-2,,KWKAPE-3,,KWTHAL-1,,MCELBI-2,,MCKAPE-1,,MCKAPE-2,,MCKAPE-3,,MCKAPE-4,,MATHAL-1,,MATHAL-2,,MATHAL-4,,MATHAL-5,,MATHAL-8A,,UTTHAL-1A,,UTTHAL-2A,,UTTHAL-3A,,UTTHAL-4A,,ROGYUN-1A,,EBCHMI-3,,EBVALO-2,,EBVALO-3,,JAEPPO-1,,KWCHSO-1,,UTCHSO-1,,UTEPPO-1,,WOCHSO-2,,WOEPPO-1,,JALUGI-4,,JALUGI-5,,KWLUGI-1,,KWLUGI-2,,KWEPPO-1,,KWEPPO-2,,EBNALI-1,,EBCHMI-2,,MCLUGI-8,,UTEPPO-5,,UTEPPO-7,,WOLUGI-1,,WOEPPO-2,,MALUGI-2,,MALUGI-4,,MANALI-2,,MAEPPO-2,,MACHSO-1,,MACHSO-3,,MAACTR-1,,MAACTR-3,,MAACTR-4,,ROLUGI-3,,ROVALO-5,,ROCHSO-3,,UTNALI-5,,JANALI-1,,JANALI-2,,JANALI-4,,KWLUGI-5,,KWCHSO-5,,EBLUGI-3,,EBLUGI-5,,EBLUGI-6,,EBVALO-1,,MCLUGI-3,,WOLUGI-3,,WOCHSO-6,,MCEPPO-3,,MCEPPO-5,,ROVALO-3,,UTSASP-7,,UTNALI-4,,JAEPPO-4,,EBLUGI-10,,EBNALI-3,,UTCHSO-3,,UTACTR-6,,UTACTR-9,,WOLUGI-2,,WONALI-1,,WONALI-3,,MALUGI-1,,MANALI-4,,MAEPPO-5,,MACHSO-4,,RONALI-1,,RONALI-2,,ROACTR-10,,ROACTR-8,,UTLUGI-1,,UTNALI-1,,WOACTR-1,,JAGYUN-1,,JAGYUN-2,,JATHAL-3,,JATHAL-2,,JATHAL-1,,MCLUGI-2,,JACHMI-2,,KWEPPO-3,,KWNALI-5,,KWNALI-6,,EBPLLA-1,,EBCHMI-1 ,,MCLUGI-5,,WOACTR-1,,JALUGI-6,,JAEPPO-10,,JAACLI-7,,JAACLI-8,,JAACLI-9,,KWCHSO-3,,KWNALI-2,,EBNALI-2,,MCLUGI-9,,UTCHSO-2,,UTACTR-7,,WONALI-6,,WOEPPO-3,,WOCHSO-3,,WOACTR-4,,ROLUGI-1,,ROLUGI-5,,RONALI-10,,ROCHSO-2,,ROCHSO-8,,ROACTR-7,,UTLUGI-2,,JACHMI-6,,JAHILO-2,,MCEPPO-1,,MANALI-1,,MAEPPO-1,,EBLUBO-1,,EBSCRU-1,,MCEPPO-2,,ROEPPO-1,
Matrix,Tissue,,Tissue,,Tissue,,Tissue,,Tissue,,Tissue,,Tissue,,Tissue,,Tissue,,Tissue,,Tissue,,Tissue,,Tissue,,Tissue,,Tissue,,Tissue,,Tissue,,Tissue,,Tissue,,Tissue,,Tissue,,Tissue,,Tissue,,Tissue,,Tissue,,Tissue,,Tissue,,Tissue,,Tissue,,Tissue,,Tissue,,Tissue,,Tissue,,Tissue,,Tissue,,Tissue,,Tissue,,Tissue,,Tissue,,Tissue,,Tissue,,Tissue,,Tissue,,Tissue,,Tissue,,Tissue,,Tissue,,Tissue,,Tissue,,Tissue,,Tissue,,Tissue,,Tissue,,Tissue,,Tissue,,Tissue,,Tissue,,Tissue,,Tissue,,Tissue,,Tissue,,Tissue,,Tissue,,Tissue,,Tissue,,Tissue,,Tissue,,Tissue,,Tissue,,Tissue,,Tissue,,Tissue,,Tissue,,Tissue,,Tissue,,Tissue,,Tissue,,Tissue,,Tissue,,Tissue,,Tissue,,Tissue,,Tissue,,Tissue,,Tissue,,Tissue,,Tissue,,Tissue,,Tissue,,Tissue,,Tissue,,Tissue,,Tissue,,Tissue,,Tissue,,Tissue,,Tissue,,Tissue,,Tissue,,Tissue,,Tissue,,Tissue,,Tissue,,Tissue,,Tissue,,Tissue,,Tissue,,Tissue,,Tissue,,Tissue,,Tissue,,Tissue,,Tissue,,Tissue,,Tissue,,Tissue,,Tissue,,Tissue,,Tissue,,Tissue,,Tissue,,Tissue,,Tissue,,Tissue,,Tissue,,Tissue,,Tissue,,Tissue,,Tissue,,Tissue,,Tissue,,Tissue,,Tissue,,Tissue,,Tissue,,Tissue,
Species,Katsuwonus pelamis,,Katsuwonus pelamis,,Katsuwonus pelamis,,Thunnus albacares,,Elagatis bipinnulata,,Katsuwonus pelamis,,Katsuwonus pelamis,,Katsuwonus pelamis,,Katsuwonus pelamis,,Thunnus albacares,,Thunnus albacares,,Thunnus albacares,,Thunnus albacares,,Thunnus albacares,,Thunnus albacares,,Thunnus albacares,,Thunnus albacares,,Thunnus albacares,,Gymnosarda unicolor,,Chlorurus microrhinos,,Variola louti,,Variola louti,,Epinephelus polyphekadion,,Chlorurus sordidus,,Chlorurus sordidus,,Epinephelus polyphekadion,,Chlorurus sordidus,,Epinephelus polyphekadion,,Lutjanus gibbus,,Lutjanus gibbus,,Lutjanus gibbus,,Lutjanus gibbus,,Epinephelus polyphekadion,,Epinephelus polyphekadion,,Naso lituratus,,Chlorurus microrhinos,,Lutjanus gibbus,,Epinephelus polyphekadion,,Epinephelus polyphekadion,,Lutjanus gibbus,,Epinephelus polyphekadion,,Lutjanus gibbus,,Lutjanus gibbus,,Naso lituratus,,Epinephelus polyphekadion,,Chlorurus sordidus,,Chlorurus sordidus,,Acanthurus triostegus,,Acanthurus triostegus,,Acanthurus triostegus,,Lutjanus gibbus,,Variola louti,,Chlorurus sordidus,,Naso lituratus,,Naso lituratus,,Naso lituratus,,Naso lituratus,,Lutjanus gibbus,,Chlorurus sordidus,,Lutjanus gibbus,,Lutjanus gibbus,,Lutjanus gibbus,,Variola louti,,Lutjanus gibbus,,Lutjanus gibbus,,Chlorurus sordidus,,Epinephelus polyphekadion,,Epinephelus polyphekadion,,Variola louti,,Sargocentron spiniferum,,Naso lituratus,,Epinephelus polyphekadion,,Lutjanus gibbus,,Naso lituratus,,Chlorurus sordidus,,Acanthurus triostegus,,Acanthurus triostegus,,Lutjanus gibbus,,Naso lituratus,,Naso lituratus,,Lutjanus gibbus,,Naso lituratus,,Epinephelus polyphekadion,,Chlorurus sordidus,,Naso lituratus,,Naso lituratus,,Acanthurus triostegus,,Acanthurus triostegus,,Lutjanus gibbus,,Naso lituratus,,Acanthurus triostegus,,Gymnosarda unicolor,,Gymnosarda unicolor,,Thunnus albacares,,Thunnus albacares,,Thunnus albacares,,Lutjanus gibbus,,Chlorurus microrhinos,,Epinephelus polyphekadion,,Naso lituratus,,Naso lituratus,,Plectropomus laevis,,Chlorurus microrhinos,,Lutjanus gibbus,,Acanthurus triostegus,,Lutjanus gibbus,,Epinephelus polyphekadion,,Acanthurus lineatus,,Acanthurus lineatus,,Acanthurus lineatus,,Chlorurus sordidus,,Naso lituratus,,Naso lituratus,,Lutjanus gibbus,,Chlorurus sordidus,,Acanthurus triostegus,,Naso lituratus,,Epinephelus polyphekadion,,Chlorurus sordidus,,Acanthurus triostegus,,Lutjanus gibbus,,Lutjanus gibbus,,Naso lituratus,,Chlorurus sordidus,,Chlorurus sordidus,,Acanthurus triostegus,,Lutjanus gibbus,,Chlorurus microrhinos,,Hipposcarus longiceps,,Epinephelus polyphekadion,,Naso lituratus,,Epinephelus polyphekadion,,Lutjanus bohar,,Scarus rubroviolaceus,,Epinephelus polyphekadion,,Epinephelus polyphekadion,
Collection Date,NA,,NA,,NA,,NA,,NA,,NA,,NA,,NA,,NA,,NA,,NA,,NA,,NA,,NA,,NA,,NA,,NA,,NA,,NA,,NA,,NA,,NA,,NA,,NA,,NA,,NA,,NA,,NA,,NA,,NA,,NA,,NA,,NA,,NA,,NA,,NA,,NA,,NA,,NA,,NA,,NA,,NA,,NA,,NA,,NA,,NA,,NA,,NA,,NA,,NA,,NA,,NA,,NA,,NA,,NA,,NA,,NA,,NA,,NA,,NA,,NA,,NA,,NA,,NA,,NA,,NA,,NA,,NA,,NA,,NA,,NA,,NA,,NA,,NA,,NA,,NA,,NA,,NA,,NA,,NA,,NA,,NA,,NA,,NA,,NA,,NA,,NA,,NA,,NA,,NA,,NA,,NA,,NA,,NA,,NA,,NA,,NA,,NA,,NA,,NA,,NA,,NA,,NA,,NA,,NA,,NA,,NA,,NA,,NA,,NA,,NA,,NA,,NA,,NA,,NA,,NA,,NA,,NA,,NA,,NA,,NA,,NA,,NA,,NA,,NA,,NA,,NA,,NA,,NA,,NA,,NA,,NA,,NA,,NA,,NA,,NA,
Received Date,9/24/20,,9/24/20,,9/24/20,,9/24/20,,9/24/20,,9/24/20,,9/24/20,,9/24/20,,9/24/20,,9/24/20,,9/24/20,,9/24/20,,9/24/20,,9/24/20,,9/24/20,,9/24/20,,9/24/20,,9/24/20,,9/24/20,,9/24/20,,9/24/20,,9/24/20,,9/24/20,,9/24/20,,9/24/20,,9/24/20,,9/24/20,,9/24/20,,10/8/20,,10/8/20,,10/8/20,,10/8/20,,10/8/20,,10/8/20,,10/8/20,,10/8/20,,10/8/20,,10/8/20,,10/8/20,,10/8/20,,10/8/20,,10/8/20,,10/8/20,,10/8/20,,10/8/20,,10/8/20,,10/8/20,,10/8/20,,10/8/20,,10/8/20,,10/8/20,,10/8/20,,10/8/20,,10/8/20,,10/8/20,,10/8/20,,10/8/20,,10/8/20,,10/8/20,,10/8/20,,10/8/20,,10/8/20,,10/8/20,,10/8/20,,10/8/20,,10/8/20,,10/8/20,,10/8/20,,10/8/20,,10/8/20,,10/8/20,,10/8/20,,10/8/20,,10/8/20,,10/8/20,,10/8/20,,10/8/20,,10/8/20,,10/8/20,,10/8/20,,10/8/20,,10/8/20,,10/8/20,,10/8/20,,10/8/20,,10/8/20,,10/8/20,,10/8/20,,10/8/20,,10/8/20,,10/8/20,,10/8/20,,10/8/20,,10/8/20,,10/8/20,,10/8/20,,10/8/20,,10/8/20,,10/8/20,,10/8/20,,10/8/20,,10/8/20,,10/8/20,,10/8/20,,10/8/20,,10/8/20,,10/8/20,,10/8/20,,10/8/20,,10/8/20,,10/8/20,,10/8/20,,10/8/20,,10/8/20,,10/8/20,,10/8/20,,10/8/20,,10/8/20,,10/8/20,,10/8/20,,10/8/20,,10/8/20,,10/8/20,,10/8/20,,10/8/20,,10/8/20,,10/8/20,,10/8/20,,10/8/20,,10/8/20,,10/8/20,,10/8/20,,10/8/20,,10/8/20,,10/8/20,,10/8/20,
Extraction Date,12/22/20,,12/1/20,,12/1/20,,12/1/20,,12/1/20,,12/1/20,,12/1/20,,12/1/20,,12/1/20,,12/1/20,,12/1/20,,12/1/20,,12/1/20,,12/1/20,,12/1/20,,12/1/20,,12/1/20,,12/1/20,,12/4/20,,12/4/20,,12/4/20,,12/4/20,,12/4/20,,12/4/20,,12/4/20,,12/4/20,,12/4/20,,12/4/20,,12/4/20,,12/4/20,,12/4/20,,12/4/20,,12/4/20,,12/4/20,,12/4/20,,12/4/20,,12/7/20,,12/7/20,,12/7/20,,12/7/20,,12/7/20,,12/7/20,,12/7/20,,12/7/20,,12/7/20,,12/7/20,,12/7/20,,12/7/20,,12/7/20,,12/7/20,,12/7/20,,12/7/20,,12/7/20,,12/7/20,,12/9/20,,12/9/20,,12/9/20,,12/9/20,,12/9/20,,12/9/20,,12/9/20,,12/9/20,,12/9/20,,12/9/20,,12/9/20,,12/9/20,,12/9/20,,12/9/20,,12/9/20,,12/9/20,,12/9/20,,12/9/20,,12/11/20,,12/11/20,,12/11/20,,12/11/20,,12/11/20,,12/11/20,,12/11/20,,12/11/20,,12/11/20,,12/11/20,,12/11/20,,12/11/20,,12/11/20,,12/11/20,,12/11/20,,12/11/20,,12/11/20,,12/11/20,,12/12/20,,12/12/20,,12/12/20,,12/12/20,,12/12/20,,12/12/20,,12/22/20,,12/12/20,,12/22/20,,12/12/20,,12/12/20,,12/12/20,,12/22/20,,12/12/20,,12/12/20,,12/12/20,,12/12/20,,12/12/20,,12/14/20,,12/14/20,,12/14/20,,12/14/20,,12/14/20,,12/14/20,,12/14/20,,12/14/20,,12/14/20,,12/14/20,,12/14/20,,12/14/20,,12/14/20,,12/14/20,,12/14/20,,12/14/20,,12/14/20,,12/14/20,,12/16/20,,12/16/20,,12/16/20,,12/16/20,,12/16/20,,12/16/20,,12/16/20,,12/16/20,,12/16/20,,12/16/20,
Extraction Batch,ENV4131,,ENV4123,,ENV4123,,ENV4123,,ENV4123,,ENV4123,,ENV4123,,ENV4123,,ENV4123,,ENV4123,,ENV4123,,ENV4123,,ENV4123,,ENV4123,,ENV4123,,ENV4123,,ENV4123,,ENV4123,,ENV4124,,ENV4124,,ENV4124,,ENV4124,,ENV4124,,ENV4124,,ENV4124,,ENV4124,,ENV4124,,ENV4124,,ENV4124,,ENV4124,,ENV4124,,ENV4124,,ENV4124,,ENV4124,,ENV4124,,ENV4124,,ENV4125,,ENV4125,,ENV4125,,ENV4125,,ENV4125,,ENV4125,,ENV4125,,ENV4125,,ENV4125,,ENV4125,,ENV4125,,ENV4125,,ENV4125,,ENV4125,,ENV4125,,ENV4125,,ENV4125,,ENV4125,,ENV4126,,ENV4126,,ENV4126,,ENV4126,,ENV4126,,ENV4126,,ENV4126,,ENV4126,,ENV4126,,ENV4126,,ENV4126,,ENV4126,,ENV4126,,ENV4126,,ENV4126,,ENV4126,,ENV4126,,ENV4126,,ENV4127,,ENV4127,,ENV4127,,ENV4127,,ENV4127,,ENV4127,,ENV4127,,ENV4127,,ENV4127,,ENV4127,,ENV4127,,ENV4127,,ENV4127,,ENV4127,,ENV4127,,ENV4127,,ENV4127,,ENV4127,,ENV4128,,ENV4128,,ENV4128,,ENV4128,,ENV4128,,ENV4128,,ENV4131,,ENV4128,,ENV4131,,ENV4128,,ENV4128,,ENV4128,,ENV4131,,ENV4128,,ENV4128,,ENV4128,,ENV4128,,ENV4128,,ENV4129,,ENV4129,,ENV4129,,ENV4129,,ENV4129,,ENV4129,,ENV4129,,ENV4129,,ENV4129,,ENV4129,,ENV4129,,ENV4129,,ENV4129,,ENV4129,,ENV4129,,ENV4129,,ENV4129,,ENV4129,,ENV4130,,ENV4130,,ENV4130,,ENV4130,,ENV4130,,ENV4130,,ENV4130,,ENV4130,,ENV4130,,ENV4130,
Date Acquired,12/25/20 0:41,,12/4/20 23:36,,12/5/20 1:52,,12/5/20 3:00,,12/5/20 4:08,,12/5/20 5:17,,12/5/20 6:25,,12/5/20 7:33,,12/5/20 8:41,,12/5/20 9:49,,12/5/20 12:05,,12/5/20 13:13,,12/5/20 14:21,,12/5/20 15:29,,12/5/20 16:37,,12/5/20 17:45,,12/5/20 18:53,,12/5/20 20:01,,12/10/20 4:26,,12/10/20 5:34,,12/10/20 7:50,,12/10/20 8:58,,12/10/20 10:08,,12/10/20 11:16,,12/10/20 12:24,,12/10/20 13:32,,12/10/20 14:40,,12/10/20 15:48,,12/10/20 18:05,,12/10/20 19:13,,12/10/20 20:21,,12/10/20 21:29,,12/10/20 22:37,,12/10/20 23:45,,12/11/20 0:53,,12/11/20 2:01,,12/11/20 12:14,,12/11/20 13:23,,12/11/20 15:39,,12/11/20 16:47,,12/11/20 17:55,,12/11/20 19:03,,12/11/20 20:11,,12/11/20 21:19,,12/11/20 22:27,,12/11/20 23:35,,12/12/20 1:51,,12/12/20 2:59,,12/12/20 4:07,,12/12/20 5:16,,12/12/20 6:24,,12/12/20 7:32,,12/12/20 8:40,,12/12/20 9:48,,12/13/20 3:10,,12/13/20 4:18,,12/13/20 6:34,,12/13/20 7:43,,12/13/20 8:51,,12/13/20 9:59,,12/13/20 11:07,,12/13/20 12:15,,12/13/20 13:23,,12/13/20 14:31,,12/13/20 16:48,,12/13/20 17:56,,12/13/20 19:04,,12/13/20 20:12,,12/13/20 21:20,,12/13/20 22:29,,12/13/20 23:37,,12/14/20 0:45,,12/15/20 21:35,,12/15/20 22:43,,12/16/20 0:59,,12/16/20 2:07,,12/16/20 3:15,,12/16/20 4:23,,12/16/20 5:31,,12/16/20 6:39,,12/16/20 7:48,,12/16/20 8:56,,12/16/20 11:14,,12/16/20 12:22,,12/16/20 13:30,,12/16/20 14:38,,12/16/20 15:46,,12/16/20 16:54,,12/16/20 18:02,,12/16/20 19:11,,12/17/20 23:41,,12/18/20 0:49,,12/18/20 3:05,,12/18/20 4:13,,12/18/20 5:22,,12/18/20 6:30,,12/25/20 1:49,,12/18/20 8:52,,12/25/20 2:57,,12/18/20 11:08,,12/18/20 13:24,,12/18/20 14:32,,12/25/20 4:04,,12/18/20 16:48,,12/18/20 17:56,,12/18/20 19:04,,12/18/20 20:13,,12/18/20 21:21,,12/19/20 7:34,,12/19/20 8:42,,12/19/20 10:58,,12/19/20 12:06,,12/19/20 13:14,,12/19/20 14:22,,12/19/20 15:31,,12/19/20 16:39,,12/19/20 17:47,,12/19/20 18:55,,12/19/20 21:11,,12/19/20 22:19,,12/19/20 23:27,,12/20/20 0:35,,12/20/20 1:44,,12/20/20 2:52,,12/20/20 4:00,,12/20/20 5:08,,12/20/20 15:22,,12/20/20 16:30,,12/20/20 18:46,,12/20/20 19:54,,12/20/20 21:02,,12/20/20 22:11,,12/20/20 23:19,,12/21/20 0:27,,12/21/20 1:36,,12/21/20 2:44,
Method,SOP1006,,SOP1006,,SOP1006,,SOP1006,,SOP1006,,SOP1006,,SOP1006,,SOP1006,,SOP1006,,SOP1006,,SOP1006,,SOP1006,,SOP1006,,SOP1006,,SOP1006,,SOP1006,,SOP1006,,SOP1006,,SOP1006,,SOP1006,,SOP1006,,SOP1006,,SOP1006,,SOP1006,,SOP1006,,SOP1006,,SOP1006,,SOP1006,,SOP1006,,SOP1006,,SOP1006,,SOP1006,,SOP1006,,SOP1006,,SOP1006,,SOP1006,,SOP1006,,SOP1006,,SOP1006,,SOP1006,,SOP1006,,SOP1006,,SOP1006,,SOP1006,,SOP1006,,SOP1006,,SOP1006,,SOP1006,,SOP1006,,SOP1006,,SOP1006,,SOP1006,,SOP1006,,SOP1006,,SOP1006,,SOP1006,,SOP1006,,SOP1006,,SOP1006,,SOP1006,,SOP1006,,SOP1006,,SOP1006,,SOP1006,,SOP1006,,SOP1006,,SOP1006,,SOP1006,,SOP1006,,SOP1006,,SOP1006,,SOP1006,,SOP1006,,SOP1006,,SOP1006,,SOP1006,,SOP1006,,SOP1006,,SOP1006,,SOP1006,,SOP1006,,SOP1006,,SOP1006,,SOP1006,,SOP1006,,SOP1006,,SOP1006,,SOP1006,,SOP1006,,SOP1006,,SOP1006,,SOP1006,,SOP1006,,SOP1006,,SOP1006,,SOP1006,,SOP1006,,SOP1006,,SOP1006,,SOP1006,,SOP1006,,SOP1006,,SOP1006,,SOP1006,,SOP1006,,SOP1006,,SOP1006,,SOP1006,,SOP1006,,SOP1006,,SOP1006,,SOP1006,,SOP1006,,SOP1006,,SOP1006,,SOP1006,,SOP1006,,SOP1006,,SOP1006,,SOP1006,,SOP1006,,SOP1006,,SOP1006,,SOP1006,,SOP1006,,SOP1006,,SOP1006,,SOP1006,,SOP1006,,SOP1006,,SOP1006,,SOP1006,,SOP1006,,SOP1006,,SOP1006,,SOP1006,
Sample Wet Weight (g),5.01,,5.02,,5.06,,5.05,,5.03,,5.07,,5.03,,5.12,,5.1,,5.08,,5,,5.01,,5.05,,5.04,,5.12,,5.06,,5.15,,5.2,,5.03,,5.05,,5.02,,5.04,,5.07,,5.07,,5.03,,5.01,,5.08,,5.07,,5.03,,5.01,,5.03,,5.03,,5.08,,5.06,,5.07,,5,,5.06,,5.07,,5.01,,5.02,,5.05,,5.09,,5.01,,5.03,,5.02,,5.01,,5.14,,5.03,,5.09,,5.06,,5.13,,5.04,,5.02,,5.12,,5.02,,5.04,,5.07,,5.02,,5.06,,5.05,,5.03,,5.1,,5.02,,5.01,,5.02,,5.02,,5.03,,5.02,,5.03,,5.02,,5.05,,5.04,,5.03,,5.08,,5.06,,5.08,,5.04,,5.07,,5.04,,5.09,,5,,5.04,,5.05,,5.04,,5.09,,5,,5.02,,5.03,,5.02,,5.01,,5.04,,5.01,,5.07,,5.01,,5.08,,5.02,,5.02,,5.02,,5,,5.07,,5,,5.02,,5.16,,5.04,,5.03,,5.01,,5.06,,5,,5.01,,5.11,,5.14,,5.05,,5.02,,5.04,,5.03,,5.01,,5.06,,5.05,,5.03,,5.09,,5.01,,5,,5,,5.11,,5.08,,5.02,,5,,5.04,,5,,5.1,,5.01,,5.06,,5.03,,5,,5.01,,5.05,
Sample Dry Weight (g),1.5,,1.37,,1.47,,1.42,,1.16,,1.37,,1.48,,1.5,,1.47,,1.36,,1.39,,1.37,,1.35,,1.36,,1.43,,1.32,,1.45,,1.42,,1.2,,1.16,,1.28,,1.13,,1.24,,1.26,,1.16,,1.27,,1.13,,1.27,,1.35,,1.51,,1.51,,1.58,,1.17,,1.18,,1.32,,1.06,,1.34,,1.24,,1.2,,1.11,,1.18,,1.01,,1.02,,1.58,,1.18,,1.11,,1.04,,1.3,,1.06,,1.13,,1.38,,0.98,,1.07,,1.97,,1.12,,1.26,,1.11,,1.78,,1.13,,1.5,,1.28,,1.68,,1.23,,1.27,,1.03,,1.2,,1.35,,1.28,,1.11,,1.38,,1.31,,1.39,,1.4,,1.13,,1.06,,1.09,,1.09,,1.27,,1.91,,1.22,,1.08,,1.91,,1.29,,1.08,,1.55,,1.15,,1.4,,1.26,,1.4,,1.34,,1.47,,1.36,,1.19,,1.4,,1.34,,1.37,,1.26,,1.13,,1.15,,2.45,,1.87,,1.17,,1.16,,1.21,,1.27,,1.16,,1.27,,1.23,,1.46,,1.38,,1.21,,1.41,,1.33,,1.37,,1.26,,1.13,,1.17,,2.44,,1.88,,1.18,,1.13,,1.2,,1.26,,1.18,,1.28,,1.23,,1.2,,1.13,,1.03,,1.1,,1.18,,0.99,,1.3,,1.17,,1.17,,0.99,
% Dry,29.89,,27.34,,29.05,,28.04,,23.08,,27.01,,29.41,,29.23,,28.75,,26.71,,27.74,,27.42,,26.83,,27.06,,28,,26.03,,28.19,,27.27,,23.86,,22.94,,25.47,,22.37,,24.42,,24.85,,23.15,,25.27,,22.22,,25.14,,26.82,,30.06,,29.94,,31.43,,23.08,,23.3,,26.09,,21.2,,26.51,,24.48,,23.98,,22.09,,23.37,,19.75,,20.31,,31.4,,23.46,,22.22,,20.3,,25.93,,20.83,,22.31,,26.95,,19.44,,21.36,,38.46,,22.37,,25,,21.82,,35.37,,22.3,,29.68,,25.53,,32.88,,24.54,,25.26,,20.57,,23.97,,26.81,,25.55,,21.97,,27.43,,25.87,,27.54,,27.93,,22.31,,20.97,,21.43,,21.6,,25,,37.9,,24,,21.67,,37.86,,25.64,,21.43,,30.39,,23.02,,27.83,,25,,27.88,,26.72,,29.17,,27.1,,23.53,,27.92,,26.4,,27.19,,25,,22.58,,23.08,,48.28,,37.38,,23.38,,22.51,,23.93,,25.24,,23.08,,25.17,,24.57,,29.17,,27.1,,23.53,,27.92,,26.4,,27.19,,25,,22.58,,23.08,,48.28,,37.38,,23.24,,22.51,,23.93,,25.24,,23.08,,25.17,,24.57,,23.93,,22.32,,20.55,,21.57,,23.48,,19.47,,25.89,,23.33,,23.33,,19.64,
% Moisture,70.11,,72.66,,70.95,,71.96,,76.92,,72.99,,70.59,,70.77,,71.25,,73.29,,72.26,,72.58,,73.17,,72.94,,72,,73.97,,71.81,,72.73,,76.14,,77.06,,74.53,,77.63,,75.58,,75.15,,76.85,,74.73,,77.78,,74.86,,73.18,,69.94,,70.06,,68.57,,76.92,,76.7,,73.91,,78.8,,73.49,,75.52,,76.02,,77.91,,76.63,,80.25,,79.69,,68.6,,76.54,,77.78,,79.7,,74.07,,79.17,,77.69,,73.05,,80.56,,78.64,,61.54,,77.63,,75,,78.18,,64.63,,77.7,,70.32,,74.47,,67.12,,75.46,,74.74,,79.43,,76.03,,73.19,,74.45,,78.03,,72.57,,74.13,,72.46,,72.07,,77.69,,79.03,,78.57,,78.4,,75,,62.1,,76,,78.33,,62.14,,74.36,,78.57,,69.61,,76.98,,72.17,,75,,72.12,,73.28,,70.83,,72.9,,76.47,,72.08,,73.6,,72.81,,75,,77.42,,76.92,,51.72,,62.62,,76.62,,77.49,,76.07,,74.76,,76.92,,74.83,,75.43,,70.83,,72.9,,76.47,,72.08,,73.6,,72.81,,75,,77.42,,76.92,,51.72,,62.62,,76.76,,77.49,,76.07,,74.76,,76.92,,74.83,,75.43,,76.07,,77.68,,79.45,,78.43,,76.52,,80.53,,74.11,,76.67,,76.67,,80.36,
% Lipid (dry),4.22,,1.65,,8,,1.83,,4.72,,2.05,,13.65,,2.6,,5.05,,1.62,,2.1,,3.18,,2.07,,0.78,,3.31,,1.76,,3.05,,1.42,,2.08,,2.15,,5.07,,2.79,,5.71,,5.34,,1.99,,4.07,,3.31,,2.41,,16.73,,34.36,,24.29,,34.38,,3.58,,6.3,,21.35,,2.26,,5.99,,4.76,,2.51,,5.65,,4.4,,5.42,,10.26,,74.73,,4.73,,15.73,,3.23,,5.61,,1.9,,4.11,,7.46,,3,,3.45,,30.89,,9.12,,26.77,,7.94,,39.82,,2.04,,19.95,,9.39,,36.55,,11.19,,11.17,,3.09,,8.77,,10.32,,10.22,,1.05,,19.76,,35.9,,15.66,,15.16,,7.5,,1.75,,2.14,,2.12,,4.4,,42.66,,21.68,,13.55,,39.7,,5.14,,3.61,,9.2,,22.2,,6.05,,3.36,,2.49,,28.06,,4.59,,7.98,,1.2,,2.08,,2.89,,4.7,,5.7,,2.79,,2.1,,42.69,,48.95,,4.26,,1.67,,7.03,,3.43,,6.43,,3.98,,6.58,,8.06,,16.53,,1.55,,3.27,,2.25,,6.83,,1.72,,2.51,,68.39,,1.94,,3.73,,4.61,,14.4,,35.31,,35.4,,3.83,,4.1,,11.56,,2.91,,6.37,,1.43,,6.38,,13.5,,3.88,,4.6,,3.58,,3.88,,6.86,
% Lipid (wet),1.26,,0.45,,2.32,,0.51,,1.09,,0.55,,4.01,,0.76,,1.45,,0.43,,0.58,,0.87,,0.55,,0.21,,0.93,,0.46,,0.86,,0.39,,0.5,,0.49,,1.29,,0.63,,1.39,,1.33,,0.46,,1.03,,0.74,,0.61,,4.49,,10.33,,7.27,,10.8,,0.83,,1.47,,5.57,,0.48,,1.59,,1.16,,0.6,,1.25,,1.03,,1.07,,2.08,,23.46,,1.11,,3.5,,0.66,,1.45,,0.4,,0.92,,2.01,,0.58,,0.74,,11.88,,2.04,,6.69,,1.73,,14.08,,0.46,,5.92,,2.4,,12.02,,2.75,,2.82,,0.64,,2.1,,2.77,,2.61,,0.23,,5.42,,9.29,,4.31,,4.23,,1.67,,0.37,,0.46,,0.46,,1.1,,16.17,,5.2,,2.94,,15.03,,1.32,,0.77,,2.8,,5.11,,1.68,,0.84,,0.69,,7.5,,1.34,,2.16,,0.28,,0.58,,0.76,,1.28,,1.43,,0.63,,0.48,,20.61,,18.3,,1,,0.38,,1.68,,0.87,,1.48,,1,,1.62,,2.35,,4.48,,0.36,,0.91,,0.59,,1.86,,0.43,,0.57,,15.78,,0.93,,1.4,,1.07,,3.24,,8.45,,8.94,,0.88,,1.03,,2.84,,0.7,,1.42,,0.29,,1.38,,3.17,,0.75,,1.19,,0.84,,0.91,,1.35,
Dilution,1X,,1X,,1X,,1X,,1X,,1X,,1X,,1X,,1X,,1X,,1X,,1X,,1X,,1X,,1X,,1X,,1X,,1X,,1X,,1X,,1X,,1X,,1X,,1X,,1X,,1X,,1X,,1X,,1X,,1X,,1X,,1X,,1X,,1.65X,,1.65X,,1.65X,,1X,,1X,,1X,,1X,,1X,,1X,,1X,,1X,,1X,,1X,,1X,,1X,,1X,,1X,,1X,,1X,,1X,,1X,,1X,,1X,,1X,,1X,,1X,,1X,,1X,,1X,,1X,,1X,,1X,,1X,,1X,,1X,,1X,,1X,,1X,,1X,,1X,,1X,,1X,,1X,,1X,,1X,,1X,,1X,,1X,,1X,,1X,,1X,,1X,,1X,,1X,,1X,,1X,,1X,,1X,,1X,,1X,,1X,,1X,,1X,,1X,,1X,,1X,,1X,,1X,,1X,,1X,,1X,,1X,,1X,,1X,,1X,,1X,,1X,,1X,,1X,,1X,,1X,,1X,,1X,,1X,,1X,,1X,,1X,,1X,,1X,,1X,,1X,,1X,,1X,,1X,,1X,,1X,,1X,,1X,,1X,,1X,,1X,,1X,,1X,
,,,,,,,,,,,,,,,,,,,,,,,,,,,,,,,,,,,,,,,,,,,,,,,,,,,,,,,,,,,,,,,,,,,,,,,,,,,,,,,,,,,,,,,,,,,,,,,,,,,,,,,,,,,,,,,,,,,,,,,,,,,,,,,,,,,,,,,,,,,,,,,,,,,,,,,,,,,,,,,,,,,,,,,,,,,,,,,,,,,,,,,,,,,,,,,,,,,,,,,,,,,,,,,,,,,,,,,,,,,,,,,,,,,,,,,,,,,,,,,,,,,,,,,,,,,,,,,,,,,,,,,,,,,,,,,,
,,,,,,,,,,,,,,,,,,,,,,,,,,,,,,,,,,,,,,,,,,,,,,,,,,,,,,,,,,,,,,,,,,,,,,,,,,,,,,,,,,,,,,,,,,,,,,,,,,,,,,,,,,,,,,,,,,,,,,,,,,,,,,,,,,,,,,,,,,,,,,,,,,,,,,,,,,,,,,,,,,,,,,,,,,,,,,,,,,,,,,,,,,,,,,,,,,,,,,,,,,,,,,,,,,,,,,,,,,,,,,,,,,,,,,,,,,,,,,,,,,,,,,,,,,,,,,,,,,,,,,,,,,,,,,,,
Target Compounds,Su. Corrected,Q,Su. Corrected,Q,Su. Corrected,Q,Su. Corrected,Q,Su. Corrected,Q,Su. Corrected,Q,Su. Corrected,Q,Su. Corrected,Q,Su. Corrected,Q,Su. Corrected,Q,Su. Corrected,Q,Su. Corrected,Q,Su. Corrected,Q,Su. Corrected,Q,Su. Corrected,Q,Su. Corrected,Q,Su. Corrected,Q,Su. Corrected,Q,Su. Corrected,Q,Su. Corrected,Q,Su. Corrected,Q,Su. Corrected,Q,Su. Corrected,Q,Su. Corrected,Q,Su. Corrected,Q,Su. Corrected,Q,Su. Corrected,Q,Su. Corrected,Q,Su. Corrected,Q,Su. Corrected,Q,Su. Corrected,Q,Su. Corrected,Q,Su. Corrected,Q,Su. Corrected,Q,Su. Corrected,Q,Su. Corrected,Q,Su. Corrected,Q,Su. Corrected,Q,Su. Corrected,Q,Su. Corrected,Q,Su. Corrected,Q,Su. Corrected,Q,Su. Corrected,Q,Su. Corrected,Q,Su. Corrected,Q,Su. Corrected,Q,Su. Corrected,Q,Su. Corrected,Q,Su. Corrected,Q,Su. Corrected,Q,Su. Corrected,Q,Su. Corrected,Q,Su. Corrected,Q,Su. Corrected,Q,Su. Corrected,Q,Su. Corrected,Q,Su. Corrected,Q,Su. Corrected,Q,Su. Corrected,Q,Su. Corrected,Q,Su. Corrected,Q,Su. Corrected,Q,Su. Corrected,Q,Su. Corrected,Q,Su. Corrected,Q,Su. Corrected,Q,Su. Corrected,Q,Su. Corrected,Q,Su. Corrected,Q,Su. Corrected,Q,Su. Corrected,Q,Su. Corrected,Q,Su. Corrected,Q,Su. Corrected,Q,Su. Corrected,Q,Su. Corrected,Q,Su. Corrected,Q,Su. Corrected,Q,Su. Corrected,Q,Su. Corrected,Q,Su. Corrected,Q,Su. Corrected,Q,Su. Corrected,Q,Su. Corrected,Q,Su. Corrected,Q,Su. Corrected,Q,Su. Corrected,Q,Su. Corrected,Q,Su. Corrected,Q,Su. Corrected,Q,Su. Corrected,Q,Su. Corrected,Q,Su. Corrected,Q,Su. Corrected,Q,Su. Corrected,Q,Su. Corrected,Q,Su. Corrected,Q,Su. Corrected,Q,Su. Corrected,Q,Su. Corrected,Q,Su. Corrected,Q,Su. Corrected,Q,Su. Corrected,Q,Su. Corrected,Q,Su. Corrected,Q,Su. Corrected,Q,Su. Corrected,Q,Su. Corrected,Q,Su. Corrected,Q,Su. Corrected,Q,Su. Corrected,Q,Su. Corrected,Q,Su. Corrected,Q,Su. Corrected,Q,Su. Corrected,Q,Su. Corrected,Q,Su. Corrected,Q,Su. Corrected,Q,Su. Corrected,Q,Su. Corrected,Q,Su. Corrected,Q,Su. Corrected,Q,Su. Corrected,Q,Su. Corrected,Q,Su. Corrected,Q,Su. Corrected,Q,Su. Corrected,Q,Su. Corrected,Q,Su. Corrected,Q,Su. Corrected,Q,Su. Corrected,Q,Su. Corrected,Q,Su. Corrected,Q,Su. Corrected,Q,Su. Corrected,Q,Su. Corrected,Q
,Conc. (ng/wet g),,Conc. (ng/wet g),,Conc. (ng/wet g),,Conc. (ng/wet g),,Conc. (ng/wet g),,Conc. (ng/wet g),,Conc. (ng/wet g),,Conc. (ng/wet g),,Conc. (ng/wet g),,Conc. (ng/wet g),,Conc. (ng/wet g),,Conc. (ng/wet g),,Conc. (ng/wet g),,Conc. (ng/wet g),,Conc. (ng/wet g),,Conc. (ng/wet g),,Conc. (ng/wet g),,Conc. (ng/wet g),,Conc. (ng/wet g),,Conc. (ng/wet g),,Conc. (ng/wet g),,Conc. (ng/wet g),,Conc. (ng/wet g),,Conc. (ng/wet g),,Conc. (ng/wet g),,Conc. (ng/wet g),,Conc. (ng/wet g),,Conc. (ng/wet g),,Conc. (ng/wet g),,Conc. (ng/wet g),,Conc. (ng/wet g),,Conc. (ng/wet g),,Conc. (ng/wet g),,Conc. (ng/wet g),,Conc. (ng/wet g),,Conc. (ng/wet g),,Conc. (ng/wet g),,Conc. (ng/wet g),,Conc. (ng/wet g),,Conc. (ng/wet g),,Conc. (ng/wet g),,Conc. (ng/wet g),,Conc. (ng/wet g),,Conc. (ng/wet g),,Conc. (ng/wet g),,Conc. (ng/wet g),,Conc. (ng/wet g),,Conc. (ng/wet g),,Conc. (ng/wet g),,Conc. (ng/wet g),,Conc. (ng/wet g),,Conc. (ng/wet g),,Conc. (ng/wet g),,Conc. (ng/wet g),,Conc. (ng/wet g),,Conc. (ng/wet g),,Conc. (ng/wet g),,Conc. (ng/wet g),,Conc. (ng/wet g),,Conc. (ng/wet g),,Conc. (ng/wet g),,Conc. (ng/wet g),,Conc. (ng/wet g),,Conc. (ng/wet g),,Conc. (ng/wet g),,Conc. (ng/wet g),,Conc. (ng/wet g),,Conc. (ng/wet g),,Conc. (ng/wet g),,Conc. (ng/wet g),,Conc. (ng/wet g),,Conc. (ng/wet g),,Conc. (ng/wet g),,Conc. (ng/wet g),,Conc. (ng/wet g),,Conc. (ng/wet g),,Conc. (ng/wet g),,Conc. (ng/wet g),,Conc. (ng/wet g),,Conc. (ng/wet g),,Conc. (ng/wet g),,Conc. (ng/wet g),,Conc. (ng/wet g),,Conc. (ng/wet g),,Conc. (ng/wet g),,Conc. (ng/wet g),,Conc. (ng/wet g),,Conc. (ng/wet g),,Conc. (ng/wet g),,Conc. (ng/wet g),,Conc. (ng/wet g),,Conc. (ng/wet g),,Conc. (ng/wet g),,Conc. (ng/wet g),,Conc. (ng/wet g),,Conc. (ng/wet g),,Conc. (ng/wet g),,Conc. (ng/wet g),,Conc. (ng/wet g),,Conc. (ng/wet g),,Conc. (ng/wet g),,Conc. (ng/wet g),,Conc. (ng/wet g),,Conc. (ng/wet g),,Conc. (ng/wet g),,Conc. (ng/wet g),,Conc. (ng/wet g),,Conc. (ng/wet g),,Conc. (ng/wet g),,Conc. (ng/wet g),,Conc. (ng/wet g),,Conc. (ng/wet g),,Conc. (ng/wet g),,Conc. (ng/wet g),,Conc. (ng/wet g),,Conc. (ng/wet g),,Conc. (ng/wet g),,Conc. (ng/wet g),,Conc. (ng/wet g),,Conc. (ng/wet g),,Conc. (ng/wet g),,Conc. (ng/wet g),,Conc. (ng/wet g),,Conc. (ng/wet g),,Conc. (ng/wet g),,Conc. (ng/wet g),,Conc. (ng/wet g),,Conc. (ng/wet g),,Conc. (ng/wet g),,Conc. (ng/wet g),,Conc. (ng/wet g),,Conc. (ng/wet g),,Conc. (ng/wet g),,Conc. (ng/wet g),,Conc. (ng/wet g),,Conc. (ng/wet g),
,,,,,,,,,,,,,,,,,,,,,,,,,,,,,,,,,,,,,,,,,,,,,,,,,,,,,,,,,,,,,,,,,,,,,,,,,,,,,,,,,,,,,,,,,,,,,,,,,,,,,,,,,,,,,,,,,,,,,,,,,,,,,,,,,,,,,,,,,,,,,,,,,,,,,,,,,,,,,,,,,,,,,,,,,,,,,,,,,,,,,,,,,,,,,,,,,,,,,,,,,,,,,,,,,,,,,,,,,,,,,,,,,,,,,,,,,,,,,,,,,,,,,,,,,,,,,,,,,,,,,,,,,,,,,,,,
cis/trans Decalin,0,U,0,U,0,U,0,U,0,U,0,U,0,U,0,U,0,U,0,U,0,U,0,U,0,U,0,U,0,U,0,U,0,U,0,U,0,U,0,U,0,U,0,U,0,U,0,U,0,U,0,U,0,U,0,U,0,U,0,U,0,U,0,U,0,U,0,U,0,U,0,U,0,U,0,U,0,U,0,U,0,U,0,U,0,U,0,U,0,U,0,U,0,U,0,U,0,U,0,U,0,U,0,U,0,U,0,U,0,U,0,U,0,U,0,U,0,U,0,U,0,U,0,U,0,U,0,U,0,U,0,U,0,U,0,U,0,U,0,U,0,U,0,U,0,U,0,U,0,U,0,U,0,U,0,U,0,U,0,U,0,U,0,U,0,U,0,U,0,U,0,U,0,U,0,U,0,U,0,U,0,U,0,U,0,U,0,U,0,U,0,U,0,U,0,U,0,U,0,U,0,U,0,U,0,U,0,U,0,U,0,U,0,U,0,U,0,U,0,U,0,U,0,U,0,U,0,U,0,U,0,U,0,U,0,U,0,U,0,U,0,U,0,U,0,U,0,U,0,U,0,U,0,U,0,U,0,U,0,U,0,U,0,U,0,U,0,U,0,U,0,U
C1-Decalins,0,U,0,U,0,U,0,U,0,U,0,U,0,U,0,U,0,U,0,U,0,U,0,U,0,U,0,U,0,U,0,U,0,U,0,U,0,U,0,U,0,U,0,U,0,U,0,U,0,U,0,U,0,U,0,U,0,U,0,U,0,U,0,U,0,U,0,U,0,U,0,U,0,U,0,U,0,U,0,U,0,U,0,U,0,U,0,U,0,U,0,U,0,U,0,U,0,U,0,U,0,U,0,U,0,U,0,U,0,U,0,U,0,U,0,U,0,U,0,U,0,U,0,U,0,U,0,U,0,U,0,U,0,U,0,U,0,U,0,U,0,U,0,U,0,U,0,U,0,U,0,U,0,U,0,U,0,U,0,U,0,U,0,U,0,U,0,U,0,U,0,U,0,U,0,U,0,U,0,U,0,U,0,U,0,U,0,U,0,U,0,U,0,U,0,U,0,U,0,U,0,U,0,U,0,U,0,U,0,U,0,U,0,U,0,U,0,U,0,U,0,U,0,U,0,U,0,U,0,U,0,U,0,U,0,U,0,U,0,U,0,U,0,U,0,U,0,U,0,U,0,U,0,U,0,U,0,U,0,U,0,U,0,U,0,U,0,U,0,U,0,U
C2-Decalins,0,U,0,U,0,U,0,U,0,U,0,U,0,U,0,U,0,U,0,U,0,U,0,U,0,U,0,U,0,U,0,U,0,U,0,U,0,U,0,U,0,U,0,U,0,U,0,U,0,U,0,U,0,U,0,U,0,U,0,U,0,U,0,U,0,U,0,U,0,U,0,U,0,U,0,U,0,U,0,U,0,U,0,U,0,U,0,U,0,U,0,U,0,U,0,U,0,U,0,U,0,U,0,U,0,U,0,U,0,U,0,U,0,U,0,U,0,U,0,U,0,U,0,U,0,U,0,U,0,U,0,U,0,U,0,U,0,U,0,U,0,U,0,U,0,U,0,U,0,U,0,U,0,U,0,U,0,U,0,U,0,U,0,U,0,U,0,U,0,U,0,U,0,U,0,U,0,U,0,U,0,U,0,U,0,U,0,U,0,U,0,U,0,U,0,U,0,U,0,U,0,U,0,U,0,U,0,U,0,U,0,U,0,U,0,U,0,U,0,U,0,U,0,U,0,U,0,U,0,U,0,U,0,U,0,U,0,U,0,U,0,U,0,U,0,U,0,U,0,U,0,U,0,U,0,U,0,U,0,U,0,U,0,U,0,U,0,U,0,U,0,U
C3-Decalins,0,U,0,U,0,U,0,U,0,U,0,U,0,U,0,U,0,U,0,U,0,U,0,U,0,U,0,U,0,U,0,U,0,U,0,U,0,U,0,U,0,U,0,U,0,U,0,U,0,U,0,U,0,U,0,U,0,U,0,U,0,U,0,U,0,U,0,U,0,U,0,U,0,U,0,U,0,U,0,U,0,U,0,U,0,U,0,U,0,U,0,U,0,U,0,U,0,U,0,U,0,U,0,U,0,U,0,U,0,U,0,U,0,U,0,U,0,U,0,U,0,U,0,U,0,U,0,U,0,U,0,U,0,U,0,U,0,U,0,U,0,U,0,U,0,U,0,U,0,U,0,U,0,U,0,U,0,U,0,U,0,U,0,U,0,U,0,U,0,U,0,U,0,U,0,U,0,U,0,U,0,U,0,U,0,U,0,U,0,U,0,U,0,U,0,U,0,U,0,U,0,U,0,U,0,U,0,U,0,U,0,U,0,U,0,U,0,U,0,U,0,U,0,U,0,U,0,U,0,U,0,U,0,U,0,U,0,U,0,U,0,U,0,U,0,U,0,U,0,U,0,U,0,U,0,U,0,U,0,U,0,U,0,U,0,U,0,U,0,U,0,U
C4-Decalins,0,U,0,U,0,U,0,U,0,U,0,U,0,U,0,U,0,U,0,U,0,U,0,U,0,U,0,U,0,U,0,U,0,U,0,U,0,U,0,U,0,U,0,U,0,U,0,U,0,U,0,U,0,U,0,U,0,U,0,U,0,U,0,U,0,U,0,U,0,U,0,U,0,U,0,U,0,U,0,U,0,U,0,U,0,U,0,U,0,U,0,U,0,U,0,U,0,U,0,U,0,U,0,U,0,U,0,U,0,U,0,U,0,U,0,U,0,U,0,U,0,U,0,U,0,U,0,U,0,U,0,U,0,U,0,U,0,U,0,U,0,U,0,U,0,U,0,U,0,U,0,U,0,U,0,U,0,U,0,U,0,U,0,U,0,U,0,U,0,U,0,U,0,U,0,U,0,U,0,U,0,U,0,U,0,U,0,U,0,U,0,U,0,U,0,U,0,U,0,U,0,U,0,U,0,U,0,U,0,U,0,U,0,U,0,U,0,U,0,U,0,U,0,U,0,U,0,U,0,U,0,U,0,U,0,U,0,U,0,U,0,U,0,U,0,U,0,U,0,U,0,U,0,U,0,U,0,U,0,U,0,U,0,U,0,U,0,U,0,U,0,U
Naphthalene,0.69, ,1.43, ,1.32, ,0.94, ,1.09, ,1, ,1.82, ,0.65, ,0.95, ,0.55, ,0.68, ,0.67, ,0.72, ,0.62, ,0.91, ,0.64, ,0.95, ,0.7, ,1.33, ,0.89, ,1.17, ,0.98, ,1.08, ,1.43, ,0.61, ,0,U,1.15, ,0.91, ,2.04, ,2.43, ,2.07, ,2.19, ,1.13, ,1.53, ,1.53, ,1.08, ,1.6, ,1.38, ,1.23, ,1.39, ,1.3, ,1.35, ,1.82, ,2.49, ,3.73, ,3.18, ,1.7, ,1.79, ,1.75, ,1.82, ,1.7, ,2.39, ,2.85, ,2.25, ,1.26, ,1.4, ,1.05, ,2.02, ,1.29, ,1.61, ,1.62, ,1.4, ,1.31, ,1.2, ,0.96, ,1.74, ,1, ,0.84, ,0.64, ,1.06, ,1.02, ,0.96, ,1.46, ,1.3, ,0,U,0.97, ,0,U,0,U,0.99, ,1.26, ,0.94, ,0,U,0,U,0,U,0,U,1.21, ,0,U,0.86, ,0.99, ,0,U,0,U,1.27, ,0.95, ,0,U,0.94, ,1.18, ,0,U,0,U,0,U,2.24, ,2.23, ,0,U,1, ,1.13, ,1.26, ,1.37, ,1.34, ,1.49, ,1.05, ,1.14, ,1, ,1.1, ,1.26, ,1.23, ,1.04, ,0.92, ,1.32, ,1.22, ,2.76, ,1.13, ,0,U,1.79, ,1.46, ,1.22, ,1.21, ,14.43, ,1.5, ,0,U,0.81, ,0,U,1.27, ,1.01, ,1.98, ,1.12, ,1.19, ,1.38, 
C1-Naphthalenes,0,U,0,U,0.29,J,0,U,0,U,0,U,0,U,0,U,0,U,0,U,0,U,0,U,0,U,0,U,0.24,J,0,U,0,U,0,U,0,U,0,U,0,U,0,U,0,U,0,U,0,U,0,U,0,U,0,U,0,U,0.37,J,0,U,0,U,0,U,0,U,0,U,0,U,0,U,0,U,0,U,0,U,0,U,0,U,0,U,0,U,0.58,J,0.71,J,0.58,J,0,U,0,U,0.51,J,0,U,0,U,0,U,0,U,0,U,0,U,0,U,0,U,0,U,0,U,0,U,0,U,0,U,0,U,0,U,0,U,0,U,0,U,0,U,0,U,0,U,0,U,0,U,0,U,0,U,0,U,0,U,0,U,0,U,0,U,0,U,0,U,0,U,0,U,0,U,0,U,0,U,0,U,0,U,0,U,0,U,0,U,0,U,0,U,0,U,0,U,0,U,0,U,0,U,0,U,0,U,0,U,0,U,0,U,0,U,0,U,0,U,0,U,0,U,0.59,J,0,U,0,U,0,U,0,U,0,U,0,U,0,U,0,U,0,U,0,U,0,U,0,U,0,U,0,U,0,U,4.74, ,0,U,0,U,0,U,0,U,0,U,0,U,0,U,0,U,0,U,0,U
C2-Naphthalenes,0,U,0,U,0,U,0,U,0,U,0,U,0,U,0,U,0,U,0,U,0,U,0,U,0,U,0,U,0,U,0,U,0,U,0,U,0,U,0,U,0,U,0,U,0,U,0,U,0,U,0,U,0,U,0,U,0,U,0,U,0,U,0,U,0,U,0,U,0,U,0,U,0,U,0,U,0,U,0,U,0,U,0,U,0,U,0,U,0,U,0,U,0,U,0,U,0,U,0,U,0,U,0,U,0,U,0,U,0,U,0,U,0,U,0,U,0,U,0,U,0,U,0,U,0,U,0,U,0,U,0,U,0,U,0,U,0,U,0,U,0,U,0,U,0,U,0,U,0,U,0,U,0,U,0,U,0,U,0,U,0,U,0,U,0,U,0,U,0,U,0,U,0,U,0,U,0,U,0,U,0,U,0,U,0,U,0,U,0,U,0,U,0,U,0,U,0,U,0,U,0,U,0,U,0,U,0,U,0,U,0,U,0,U,0,U,0,U,0,U,0,U,0,U,0,U,0,U,0,U,0,U,0,U,0,U,0,U,0,U,0,U,0,U,0,U,0,U,0,U,0,U,0,U,0,U,0,U,0,U,0,U,0,U,0,U,0,U,0,U,0,U
C3-Naphthalenes,0,U,0,U,0,U,0,U,0,U,0,U,0,U,0,U,0,U,0,U,0,U,0,U,0,U,0,U,0,U,0,U,0,U,0,U,0,U,0,U,0,U,0,U,0,U,0,U,0,U,0,U,0,U,0,U,0,U,0,U,0,U,0,U,0,U,0,U,0,U,0,U,0,U,0,U,0,U,0,U,0,U,0,U,0,U,0,U,0,U,0,U,0,U,0,U,0,U,0,U,0,U,0,U,0,U,0,U,0,U,0,U,0,U,0,U,0,U,0,U,0,U,0,U,0,U,0,U,0,U,0,U,0,U,0,U,0,U,0,U,0,U,0,U,0,U,0,U,0,U,0,U,0,U,0,U,0,U,0,U,0,U,0,U,0,U,0,U,0,U,0,U,0,U,0,U,0,U,0,U,0,U,0,U,0,U,0,U,0,U,0,U,0,U,0,U,0,U,0,U,0,U,0,U,0,U,0,U,0,U,0,U,0,U,0,U,0,U,0,U,0,U,0,U,0,U,0,U,0,U,0,U,0,U,0,U,0,U,0,U,0,U,0,U,0,U,0,U,0,U,0,U,0,U,0,U,0,U,0,U,0,U,0,U,0,U,0,U,0,U,0,U
C4-Naphthalenes,0,U,0,U,0,U,0,U,0,U,0,U,0,U,0,U,0,U,0,U,0,U,0,U,0,U,0,U,0.62,J,0,U,0,U,0,U,0,U,0,U,0,U,0,U,0,U,0,U,0,U,0,U,0,U,0,U,0,U,0.85,J,0,U,0,U,0,U,0,U,0,U,0,U,0,U,0,U,0,U,0,U,0,U,0,U,0,U,0,U,0,U,0,U,0,U,0,U,0,U,0,U,0,U,0,U,0,U,0,U,0,U,0,U,0,U,0,U,0,U,0,U,0,U,0,U,0,U,0,U,0,U,0,U,0,U,0,U,0,U,0,U,0,U,0,U,0,U,0,U,0,U,0,U,0,U,0,U,0,U,0,U,0,U,0,U,0,U,0,U,0,U,0,U,0,U,0,U,0,U,0,U,0,U,0,U,0,U,0,U,0,U,0,U,0,U,0,U,0,U,0,U,0,U,0,U,0,U,0,U,0,U,0,U,0,U,0,U,0,U,0,U,0,U,0,U,0,U,0,U,0,U,0,U,0,U,0,U,0,U,0,U,0,U,0,U,0,U,0,U,0,U,0.49,J,0,U,0,U,0,U,0,U,0,U,0,U,0,U,0,U,0,U,0,U
Benzothiophene,0,U,0,U,0,U,0,U,0,U,0,U,0,U,0,U,0,U,0,U,0,U,0,U,0,U,0,U,0,U,0,U,0,U,0,U,0,U,0,U,0,U,0,U,0,U,0,U,0,U,0,U,0,U,0,U,0,U,0,U,0,U,0,U,0,U,0,U,0,U,0,U,0,U,0,U,0,U,0,U,0,U,0,U,0,U,0,U,0,U,0,U,0,U,0,U,0,U,0,U,0,U,0,U,0,U,0,U,0,U,0,U,0,U,0,U,0,U,0,U,0,U,0,U,0,U,0,U,0,U,0,U,0,U,0,U,0,U,0,U,0,U,0,U,0,U,0,U,0,U,0,U,0,U,0,U,0,U,0,U,0,U,0,U,0,U,0,U,0,U,0,U,0,U,0,U,0,U,0,U,0,U,0,U,0,U,0,U,0,U,0,U,0,U,0,U,0,U,0,U,0,U,0,U,0,U,0,U,0,U,0,U,0,U,0,U,0,U,0,U,0,U,0,U,0,U,0,U,0,U,0,U,0,U,0,U,0,U,0,U,0,U,0,U,0,U,0,U,0,U,0,U,0,U,0,U,0,U,0,U,0,U,0,U,0,U,0,U,0,U,0,U
C1-Benzothiophenes,0,U,0,U,0,U,0,U,0,U,0,U,0,U,0,U,0,U,0,U,0,U,0,U,0,U,0,U,0,U,0,U,0,U,0,U,0,U,0,U,0,U,0,U,0,U,0,U,0,U,0,U,0,U,0,U,0,U,0,U,0,U,0,U,0,U,0,U,0,U,0,U,0,U,0,U,0,U,0,U,0,U,0,U,0,U,0,U,0,U,0,U,0,U,0,U,0,U,0,U,0,U,0,U,0,U,0,U,0,U,0,U,0,U,0,U,0,U,0,U,0,U,0,U,0,U,0,U,0,U,0,U,0,U,0,U,0,U,0,U,0,U,0,U,0,U,0,U,0,U,0,U,0,U,0,U,0,U,0,U,0,U,0,U,0,U,0,U,0,U,0,U,0,U,0,U,0,U,0,U,0,U,0,U,0,U,0,U,0,U,0,U,0,U,0,U,0,U,0,U,0,U,0,U,0,U,0,U,0,U,0,U,0,U,0,U,0,U,0,U,0,U,0,U,0,U,0,U,0,U,0,U,0,U,0,U,0,U,0,U,0,U,0,U,0,U,0,U,0,U,0,U,0,U,0,U,0,U,0,U,0,U,0,U,0,U,0,U,0,U,0,U
C2-Benzothiophenes,0,U,0,U,0,U,0,U,0,U,0,U,0,U,0,U,0,U,0,U,0,U,0,U,0,U,0,U,0,U,0,U,0,U,0,U,0,U,0,U,0,U,0,U,0,U,0,U,0,U,0,U,0,U,0,U,0,U,0,U,0,U,0,U,0,U,0,U,0,U,0,U,0,U,0,U,0,U,0,U,0,U,0,U,0,U,0,U,0,U,0,U,0,U,0,U,0,U,0,U,0,U,0,U,0,U,0,U,0,U,0,U,0,U,0,U,0,U,0,U,0,U,0,U,0,U,0,U,0,U,0,U,0,U,0,U,0,U,0,U,0,U,0,U,0,U,0,U,0,U,0,U,0,U,0,U,0,U,0,U,0,U,0,U,0,U,0,U,0,U,0,U,0,U,0,U,0,U,0,U,0,U,0,U,0,U,0,U,0,U,0,U,0,U,0,U,0,U,0,U,0,U,0,U,0,U,0,U,0,U,0,U,0,U,0,U,0,U,0,U,0,U,0,U,0,U,0,U,0,U,0,U,0,U,0,U,0,U,0,U,0,U,0,U,0,U,0,U,0,U,0,U,0,U,0,U,0,U,0,U,0,U,0,U,0,U,0,U,0,U,0,U
C3-Benzothiophenes,0,U,0,U,0,U,0,U,0,U,0,U,0,U,0,U,0,U,0,U,0,U,0,U,0,U,0,U,0,U,0,U,0,U,0,U,0,U,0,U,0,U,0,U,0,U,0,U,0,U,0,U,0,U,0,U,0,U,0,U,0,U,0,U,0,U,0,U,0,U,0,U,0,U,0,U,0,U,0,U,0,U,0,U,0,U,0,U,0,U,0,U,0,U,0,U,0,U,0,U,0,U,0,U,0,U,0,U,0,U,0,U,0,U,0,U,0,U,0,U,0,U,0,U,0,U,0,U,0,U,0,U,0,U,0,U,0,U,0,U,0,U,0,U,0,U,0,U,0,U,0,U,0,U,0,U,0,U,0,U,0,U,0,U,0,U,0,U,0,U,0,U,0,U,0,U,0,U,0,U,0,U,0,U,0,U,0,U,0,U,0,U,1.21, ,0,U,0,U,0,U,0,U,0,U,0,U,0,U,0,U,0,U,0,U,0,U,0,U,0,U,0,U,0,U,0,U,0,U,0,U,0,U,0,U,0,U,0,U,0,U,0,U,0,U,0,U,0,U,0,U,0,U,0,U,0,U,0,U,0,U,0,U,0,U,0,U,0,U,0,U,0,U
C4-Benzothiophenes,0,U,0,U,0,U,0,U,0,U,0,U,0,U,0,U,0,U,0,U,0,U,0,U,0,U,0,U,0,U,0,U,0,U,0,U,0,U,0,U,0,U,0,U,0,U,0,U,0,U,0,U,0,U,0,U,0,U,0,U,0,U,0,U,0,U,0,U,0,U,0,U,0,U,0,U,0,U,0,U,0,U,0,U,0,U,0,U,0,U,0,U,0,U,0,U,0,U,0,U,0,U,0,U,0,U,0,U,0,U,0,U,0,U,0,U,0,U,0,U,0,U,0,U,0,U,0,U,0,U,0,U,0,U,0,U,0,U,0,U,0,U,0,U,0,U,0,U,0,U,0,U,0,U,0,U,0,U,0,U,0,U,0,U,0,U,0,U,0,U,0,U,0,U,0,U,0,U,0,U,0,U,0,U,0,U,0,U,0,U,0,U,0,U,0,U,0,U,0,U,0,U,0,U,0,U,0,U,0,U,0,U,0,U,0,U,0,U,0,U,0,U,0,U,0,U,0,U,0,U,0,U,0,U,0,U,0,U,0,U,0,U,0,U,0,U,0,U,0,U,0,U,0,U,0,U,0,U,0,U,0,U,0,U,0,U,0,U,0,U,0,U
Biphenyl,0.9,J,0,U,1.35, ,0,U,1.06,J,0.37,J,2.15, ,0.56,J,1.02,J,0.53,J,1.17,J,0.83,J,1.04,J,0.64,J,0.8,J,0.45,J,0.74,J,0.55,J,0.77,J,0,U,0,U,0,U,0,U,0,U,0.52,J,0,U,0.53,J,0.9,J,0.69,J,1.1,J,0.55,J,0.68,J,0.5,J,0,U,0.85,J,0,U,0.83,J,0.45,J,0,U,0.64,J,0.57,J,0,U,1.33, ,1.21, ,1.46, ,1.29, ,2.02, ,0.93,J,0.83,J,0.82,J,0.92,J,4.07, ,1.24, ,4.53, ,0.78,J,0.86,J,0,U,0.72,J,0.53,J,0.64,J,0.89,J,0.68,J,1.19, ,0.79,J,0.62,J,0,U,0.82,J,0.52,J,0,U,0.76,J,0.18,J,0.82,J,0.52,J,0,U,0,U,0,U,0,U,0,U,1.24, ,0.81,J,2.05, ,1.09,J,0.56,J,0.61,J,0.72,J,0.92,J,0.88,J,0,U,0.51,J,0.84,J,0,U,0.57,J,0.75,J,0.91,J,0.78,J,1.19, ,0,U,0.98,J,0,U,1.08,J,1.47, ,0.82,J,1.41, ,0.52,J,0.78,J,0.91,J,0.9,J,0.82,J,0,U,0.97,J,0,U,0,U,0,U,0,U,0,U,0.77,J,0.7,J,0.73,J,0.79,J,0.77,J,0.56,J,1.02,J,0.56,J,0.73,J,0.67,J,0.96,J,1.11,J,0.57,J,0,U,0.68,J,0.78,J,0.64,J,1.23, ,0.56,J,0.49,J,0.93,J
Acenaphthylene,0,U,0.21,J,0.24, ,0,U,0.19,J,0.21,J,0.49, ,0.21,J,0,U,0.23,J,0.19,J,0.22,J,0.16,J,0.14,J,0.21,J,0.16,J,0.18,J,0.18,J,0,U,0,U,0,U,0,U,0,U,0,U,0,U,0,U,0,U,0,U,0,U,0,U,0,U,0,U,0,U,0,U,0,U,0,U,0,U,0,U,0,U,0,U,0,U,0,U,0,U,0.35, ,0.42, ,0,U,0,U,0,U,0,U,0,U,0,U,0,U,0,U,0,U,0,U,0,U,0,U,0,U,0,U,0,U,0,U,0,U,0,U,0,U,0,U,0,U,0,U,0,U,0,U,0,U,0,U,0,U,0,U,0,U,0,U,0,U,0,U,0,U,0,U,0,U,0,U,0,U,0,U,0,U,0,U,0,U,0,U,0,U,0,U,0,U,0,U,0,U,0,U,0,U,0,U,0,U,0,U,0,U,0,U,0,U,0,U,0,U,0,U,0,U,0,U,0,U,0,U,0,U,0,U,0,U,0,U,0,U,0,U,0,U,0,U,0,U,0,U,0,U,0,U,0,U,0,U,0,U,0,U,0,U,0,U,0,U,0,U,0,U,0,U,0,U,0,U,0,U,0,U,0,U,0,U,0,U
Acenaphthene,0,U,0,U,0,U,0,U,0,U,0,U,0,U,0,U,0,U,0,U,0,U,0,U,0,U,0,U,0.04,J,0,U,0,U,0,U,0,U,0,U,0,U,0,U,0,U,0,U,0,U,0,U,0,U,0,U,0,U,0,U,2.6, ,0,U,0,U,0,U,1.51, ,0,U,0,U,0,U,0,U,0,U,0,U,0,U,0,U,0.94, ,1.09, ,0,U,0,U,0,U,0,U,0,U,1.25, ,0,U,0,U,0,U,0,U,0,U,0,U,0,U,0,U,0.03,J,0,U,0,U,0,U,0,U,0,U,0,U,0,U,0.05,J,0,U,0,U,0.2,J,0,U,0,U,0,U,0,U,0,U,0,U,0,U,0,U,0,U,0,U,0,U,0,U,0,U,0,U,0,U,0,U,0,U,0,U,0,U,0,U,0,U,0,U,0,U,0,U,0,U,0,U,0,U,0,U,0,U,0.13,J,0,U,0,U,0,U,0,U,0,U,0,U,0,U,0,U,0,U,0,U,0,U,0,U,0,U,0,U,0,U,0.05,J,0,U,0,U,0,U,0,U,0,U,0,U,0,U,0,U,0,U,0,U,0,U,0,U,0,U,0,U,0,U,0,U,0,U,0,U,0,U
Dibenzofuran,0,U,0,U,0,U,0,U,0,U,0,U,0,U,0,U,0,U,0,U,0,U,0,U,0,U,0,U,0,U,0,U,0,U,0,U,0,U,0,U,0,U,0,U,0,U,0,U,0,U,0,U,0,U,0,U,0,U,0,U,0,U,0,U,0,U,0,U,0,U,0,U,0,U,0,U,0,U,0,U,0,U,0,U,0.7, ,0,U,0,U,0,U,0.94, ,0,U,0,U,0,U,0,U,0.94, ,0,U,1.59, ,0,U,0,U,0,U,0,U,0,U,0,U,0,U,0,U,0,U,0,U,0,U,0,U,0,U,0,U,0,U,0,U,0,U,0,U,0,U,0,U,0,U,0,U,0,U,0,U,0,U,0,U,0,U,0,U,0,U,0,U,0,U,0,U,0,U,0,U,0,U,0,U,0,U,0,U,0,U,0,U,0,U,0,U,0,U,0,U,0,U,0,U,0,U,0,U,0.98, ,0,U,0,U,0,U,0,U,0,U,0,U,0,U,0,U,0,U,0,U,0,U,0,U,0,U,0,U,0,U,0,U,0,U,0,U,0,U,0,U,0,U,0,U,0,U,0.82, ,0,U,0,U,0,U,0,U,0,U,0,U,0,U,0,U,0,U
Fluorene,0,U,0,U,0.31,J,0.17,J,0,U,0,U,1.04, ,0.28,J,0.44, ,0,U,0.62, ,0.62, ,0.75, ,0.41, ,0.75, ,0.4, ,0.91, ,0.33, ,0,U,0,U,0,U,0,U,0,U,0,U,0,U,0.77, ,0,U,0.95, ,1.97, ,1.63, ,1.77, ,0.74, ,0.97, ,1.54, ,0,U,0,U,0.7, ,0,U,0,U,0,U,0,U,0,U,1.03, ,1.68, ,1.18, ,0.86, ,0,U,0,U,0,U,0,U,1.1, ,0,U,1.32, ,1.66, ,0,U,0,U,0,U,0.74, ,0,U,0,U,1.14, ,0.11,J,0.09,J,0,U,0,U,0.19,J,0.33,J,0.1,J,0,U,0,U,0,U,0,U,0,U,0,U,0,U,0,U,0,U,0,U,0.75, ,0,U,0,U,0.89, ,0,U,0,U,0.87, ,0.8, ,1.05, ,0,U,0.94, ,1.69, ,0,U,0,U,0,U,0,U,0,U,0.87, ,0,U,0,U,0,U,1.65, ,1.44, ,0,U,0,U,0,U,0,U,0,U,0,U,0,U,0,U,0,U,0,U,0,U,0,U,0,U,0,U,0,U,0,U,0,U,0,U,0,U,0,U,0,U,0,U,0,U,0,U,0,U,0,U,0,U,0,U,0,U,0,U,0,U,0,U,0,U,0,U,0,U
C1-Fluorenes,0,U,0,U,0,U,0,U,0,U,0,U,0,U,0,U,0,U,0,U,0,U,0,U,0,U,0,U,0,U,0,U,0,U,0,U,0,U,0,U,0,U,0,U,0,U,0,U,0,U,0,U,0,U,0,U,0,U,0,U,0,U,0,U,0,U,0,U,0,U,0,U,0,U,0,U,0,U,0,U,0,U,0,U,0,U,0,U,0,U,0,U,0,U,0,U,0,U,0,U,0,U,0,U,0,U,0,U,0,U,0,U,0,U,0,U,0,U,0,U,0,U,0,U,0,U,0,U,0,U,0,U,0,U,0,U,0,U,0,U,0,U,0,U,0,U,0,U,0,U,0,U,0,U,0,U,0,U,0,U,0,U,0,U,0,U,0,U,0,U,0,U,0,U,0,U,0,U,0,U,0,U,0,U,0,U,0,U,0,U,0,U,0,U,0,U,0,U,0,U,0,U,0,U,0,U,0,U,0,U,0,U,0,U,0,U,0,U,0,U,0,U,0,U,0,U,0,U,0,U,0,U,0,U,0,U,0,U,0,U,0,U,0,U,0,U,0,U,0,U,0,U,0,U,0,U,0,U,0,U,0,U,0,U,0,U,0,U,0,U,0,U
C2-Fluorenes,0,U,0,U,0,U,0,U,0,U,0,U,0,U,0,U,0,U,0,U,0,U,0,U,0,U,0,U,0,U,0,U,0,U,0,U,0,U,0,U,0,U,0,U,0,U,0,U,0,U,0,U,0,U,0,U,0,U,0,U,0,U,0,U,0,U,0,U,0,U,0,U,0,U,0,U,0,U,0,U,0,U,0,U,0,U,0,U,0,U,0,U,0,U,0,U,0,U,0,U,0,U,0,U,0,U,0,U,0,U,0,U,0,U,0,U,0,U,0,U,0,U,0,U,0,U,0,U,0,U,0,U,0,U,0,U,0,U,0,U,0,U,0,U,0,U,0,U,0,U,0,U,0,U,0,U,0,U,0,U,0,U,0,U,0,U,0,U,0,U,0,U,0,U,0,U,0,U,0,U,0,U,0,U,0,U,0,U,0,U,0,U,0,U,0,U,0,U,0,U,0,U,0,U,0,U,0,U,0,U,0,U,0,U,0,U,0,U,0,U,0,U,0,U,0,U,0,U,0,U,0,U,0,U,0,U,0,U,0,U,0,U,0,U,0,U,0,U,0,U,0,U,0,U,0,U,0,U,0,U,0,U,0,U,0,U,0,U,0,U,0,U
C3-Fluorenes,0,U,0,U,0,U,0,U,0,U,0,U,0,U,0,U,0,U,0,U,0,U,0,U,0,U,0,U,0,U,0,U,0,U,0,U,0,U,0,U,0,U,0,U,0,U,0,U,0,U,0,U,0,U,0,U,0,U,0,U,0,U,0,U,0,U,0,U,0,U,0,U,0,U,0,U,0,U,0,U,0,U,0,U,0,U,0,U,0,U,0,U,0,U,0,U,0,U,0,U,0,U,0,U,0,U,0,U,0,U,0,U,0,U,0,U,0,U,0,U,0,U,0,U,0,U,0,U,0,U,0,U,0,U,0,U,0,U,0,U,0,U,0,U,0,U,0,U,0,U,0,U,0,U,0,U,0,U,0,U,0,U,0,U,0,U,0,U,0,U,0,U,0,U,0,U,0,U,0,U,0,U,0,U,0,U,0,U,0,U,0,U,0,U,0,U,0,U,0,U,0,U,0,U,0,U,0,U,0,U,0,U,0,U,0,U,0,U,0,U,0,U,0,U,0,U,0,U,0,U,0,U,0,U,0,U,0,U,0,U,0,U,0,U,0,U,0,U,0,U,0,U,0,U,0,U,0,U,0,U,0,U,0,U,0,U,0,U,0,U,0,U
Carbazole,0,U,0,U,0,U,0,U,0,U,0,U,0,U,0,U,0,U,0,U,0,U,0,U,0,U,0,U,0,U,0,U,0,U,0,U,0,U,0,U,0,U,0,U,0,U,0,U,0,U,0,U,0,U,0,U,0,U,0,U,0.41, ,0,U,0,U,0,U,0,U,0,U,0,U,0,U,0,U,0,U,0,U,0,U,0,U,0,U,0,U,0,U,0,U,1.11, ,0,U,0,U,0,U,0,U,0,U,0.36, ,0,U,0,U,0,U,0,U,0,U,0,U,0,U,0,U,0,U,0,U,0,U,0,U,0,U,0,U,0,U,0,U,0,U,0,U,0,U,0,U,0,U,0,U,0,U,0,U,1.58, ,0,U,0,U,0,U,0,U,0,U,0,U,0,U,0.13,J,0,U,0,U,0,U,0,U,0,U,0,U,0,U,0,U,0,U,0,U,0,U,0,U,0,U,0,U,0.6, ,0,U,0,U,0,U,0,U,0,U,0,U,0,U,0,U,0,U,0,U,0,U,0,U,0,U,0,U,0,U,0,U,0,U,0,U,0,U,0,U,0.19,J,0,U,0,U,0.26, ,0,U,0,U,0,U,0,U,0.18,J,0,U,0,U,0,U,0,U,0,U
Anthracene,0,U,0,U,0,U,0,U,0,U,0,U,0,U,0,U,0,U,0,U,0,U,0,U,0,U,0,U,0,U,0,U,0,U,0,U,0,U,0,U,0,U,0,U,0,U,0,U,0,U,0,U,0,U,0,U,0,U,0,U,0,U,0,U,0,U,0,U,0,U,0,U,0,U,0,U,0,U,0,U,0,U,0,U,0.1,J,0,U,0,U,0,U,0.18,J,0,U,0,U,0,U,0,U,0.14,J,0,U,0.32,J,0,U,0,U,0,U,0,U,0,U,0,U,0,U,0,U,0,U,0,U,0,U,0,U,0,U,0,U,0,U,0,U,0,U,0,U,0,U,0,U,0,U,0,U,0,U,0,U,0,U,0,U,0,U,0,U,0,U,0,U,0,U,0,U,0,U,0,U,0,U,0,U,0,U,0,U,0,U,0,U,0,U,0,U,0,U,0,U,0,U,0,U,0,U,0,U,0,U,0,U,0,U,0,U,0,U,0,U,0,U,0,U,0,U,0,U,0,U,0,U,0,U,0,U,0,U,0,U,0,U,0,U,0,U,0,U,0,U,0,U,0,U,0.1,J,0,U,0,U,0,U,0,U,0,U,0,U,0,U,0,U,0,U,0,U
Phenanthrene,0.15,J,0.15,J,0.17,J,0.16,J,0.19,J,0.14,J,0.16,J,0.14,J,0.17,J,0.15,J,0.16,J,0.13,J,0.15,J,0.14,J,0.17,J,0.16,J,0.13,J,0.15,J,0.25,J,0.15,J,0.15,J,0.14,J,0.13,J,0.19,J,0.16,J,0,U,0.16,J,0.27,J,0,U,0.19,J,0.14,J,0.19,J,0,U,0.81,J,0.41,J,0.32,J,0.21,J,0.16,J,0.19,J,0.16,J,0.2,J,0.22,J,0.69, ,0.3,J,0.42,J,0.43,J,1.21, ,0.4,J,0.34,J,0.32,J,0.38,J,1.2, ,0.45,J,1.71, ,0.26,J,0.17,J,0.24,J,0.18,J,0.26,J,0.18,J,0.35,J,0.24,J,0.25,J,0.34,J,0.23,J,0.21,J,0.25,J,0.19,J,0.25,J,0.2,J,0.32,J,0.22,J,0,U,0.2,J,0,U,0,U,0,U,0,U,0,U,0.48,J,0.38,J,0,U,0,U,0.33,J,0,U,0.37,J,0,U,0.41,J,0.34,J,0.3,J,0,U,0,U,0,U,0,U,0,U,0,U,0,U,0.83, ,0,U,0.78, ,0.81, ,0.69, ,0.39,J,0,U,0.75, ,0.64, ,0.57,J,0.72, ,0,U,0.28,J,0,U,0,U,0,U,0,U,0,U,0.26,J,0.23,J,0.23,J,0,U,0.43,J,0,U,0,U,0.38,J,0.4,J,0.73, ,1.23, ,0.3,J,0.15,J,0.16,J,0,U,0.24,J,0,U,0.3,J,0,U,0,U,0,U
C1-Phenanthrenes/Anthracenes,0,U,0,U,0,U,0,U,0,U,0,U,0,U,0,U,0,U,0,U,0,U,0,U,0,U,0,U,0,U,0,U,0,U,0,U,0,U,0,U,0,U,0,U,0,U,0,U,0,U,0,U,0,U,0,U,0,U,0,U,0,U,0,U,0,U,0,U,0,U,0,U,0,U,0,U,0,U,0,U,0,U,0,U,0,U,0,U,0.44,J,0,U,0,U,0,U,0,U,0,U,0,U,0,U,0,U,0,U,0,U,0,U,0,U,0,U,0,U,0,U,0,U,0,U,0,U,0,U,0,U,0,U,0,U,0,U,0,U,0,U,0,U,0,U,0,U,0,U,0,U,0,U,0,U,0,U,0,U,0,U,0,U,0,U,0,U,0,U,0,U,0,U,0,U,0,U,0,U,0,U,0,U,0,U,0,U,0,U,0,U,0,U,0,U,0,U,0,U,0,U,0,U,0,U,0,U,0,U,0,U,0,U,0,U,0,U,0,U,0,U,0,U,0,U,0,U,0,U,0,U,0,U,0,U,0,U,0,U,0,U,0,U,0,U,0,U,0,U,0,U,0,U,0,U,0,U,0,U,0,U,0,U,0,U,0,U,0,U,0,U,0,U
C2-Phenanthrenes/Anthracenes,0,U,0,U,0,U,0,U,0,U,0,U,0,U,0,U,0,U,0,U,0,U,0,U,0,U,0,U,0,U,0,U,0,U,0,U,0,U,0,U,0,U,0,U,0,U,0,U,0,U,0,U,0,U,0,U,0,U,0,U,0,U,0,U,0,U,0,U,0,U,0,U,0,U,0,U,0,U,0,U,0,U,0,U,0,U,0,U,0,U,0,U,0,U,0,U,0,U,0,U,0,U,0,U,0,U,0,U,0,U,0,U,0,U,0,U,0,U,0,U,0,U,0,U,0,U,0,U,0,U,0,U,0,U,0,U,0,U,0,U,0,U,0,U,0,U,0,U,0,U,0,U,0,U,0,U,0,U,0,U,0,U,0,U,0,U,0,U,0,U,0,U,0,U,0,U,0,U,0,U,0,U,0,U,0,U,0,U,0,U,0,U,0,U,0,U,0,U,0,U,0,U,0,U,0,U,0,U,0,U,0,U,0,U,0,U,0,U,0,U,0,U,0,U,0,U,0,U,0,U,0,U,0,U,0,U,0,U,0,U,0,U,0,U,0,U,0,U,0,U,0,U,0,U,0,U,0,U,0,U,0,U,0,U,0,U,0,U,0,U,0,U
C3-Phenanthrenes/Anthracenes,0,U,0,U,0,U,0,U,0,U,0,U,0,U,0,U,0,U,0,U,0,U,0,U,0,U,0,U,0,U,0,U,0,U,0,U,0,U,0,U,0,U,0,U,0,U,0,U,0,U,0,U,0,U,0,U,0,U,0,U,0,U,0,U,0,U,0,U,0,U,0,U,0,U,0,U,0,U,0,U,0,U,0,U,0,U,0,U,0,U,0,U,0,U,0,U,0,U,0,U,0,U,0,U,0,U,0,U,0,U,0,U,0,U,0,U,0,U,0,U,0,U,0,U,0,U,0,U,0,U,0,U,0,U,0,U,0,U,0,U,0,U,0,U,0,U,0,U,0,U,0,U,0,U,0,U,0,U,0,U,0,U,0,U,0,U,0,U,0,U,0,U,0,U,0,U,0,U,0,U,0,U,0,U,0,U,0,U,0,U,0,U,0,U,0,U,0,U,0,U,0,U,0,U,0,U,0,U,0,U,0,U,0,U,0,U,0,U,0,U,0,U,0,U,0,U,0,U,0,U,0,U,0,U,0,U,0,U,0,U,0,U,0,U,0,U,0,U,0,U,0,U,0,U,0,U,0,U,0,U,0,U,0,U,0,U,0,U,0,U,0,U
C4-Phenanthrenes/Anthracenes,0,U,0,U,0,U,0,U,0,U,0,U,0,U,0,U,0,U,0,U,0,U,0,U,0,U,0,U,0,U,0,U,0,U,0,U,0,U,0,U,0,U,0,U,0,U,0,U,0,U,0,U,0,U,0,U,0,U,0,U,0,U,0,U,0,U,0,U,0,U,0,U,0,U,0,U,0,U,0,U,0,U,0,U,0,U,0,U,0,U,0,U,0,U,0,U,0,U,0,U,0,U,0,U,0,U,0,U,0,U,0,U,0,U,0,U,0,U,0,U,0,U,0,U,0,U,0,U,0,U,0,U,0,U,0,U,0,U,0,U,0,U,0,U,0,U,0,U,0,U,0,U,0,U,0,U,0,U,0,U,0,U,0,U,0,U,0,U,0,U,0,U,0,U,0,U,0,U,0,U,0,U,0,U,0,U,0,U,0,U,0,U,0,U,0,U,0,U,0,U,0,U,0,U,0,U,0,U,0,U,0,U,0,U,0,U,0,U,0,U,0,U,0,U,0,U,0,U,0,U,0,U,0,U,0,U,0,U,0,U,0,U,0,U,0,U,0,U,0,U,0,U,0,U,0,U,0,U,0,U,0,U,0,U,0,U,0,U,0,U,0,U
Dibenzothiophene,0,U,0,U,0,U,0,U,0,U,0,U,0,U,0,U,0,U,0,U,0,U,0,U,0,U,0,U,0,U,0,U,0,U,0,U,0,U,0,U,0,U,0,U,0,U,0,U,0,U,0,U,0,U,0,U,0,U,0,U,0,U,0,U,0,U,0,U,0,U,0,U,0,U,0,U,0,U,0,U,0,U,0,U,0,U,0,U,0,U,0,U,0,U,0,U,0,U,0,U,0,U,0,U,0,U,0,U,0,U,0,U,0,U,0,U,0,U,0,U,0,U,0,U,0,U,0,U,0,U,0,U,0,U,0,U,0,U,0,U,0,U,0,U,0,U,0,U,0,U,0,U,0,U,0,U,0,U,0,U,0,U,0,U,0,U,0,U,0,U,0,U,0,U,0,U,0,U,0,U,0,U,0,U,0,U,0,U,0,U,0,U,0,U,0,U,0,U,0,U,0,U,0,U,0,U,0,U,0,U,0,U,0,U,0,U,0,U,0,U,0,U,0,U,0,U,0,U,0,U,0,U,0,U,0,U,0,U,0,U,0,U,0,U,0,U,0,U,0,U,0,U,0,U,0,U,0,U,0,U,0,U,0,U,0,U,0,U,0,U,0,U
C1-Dibenzothiophenes,0,U,0,U,0,U,0,U,0,U,0,U,0,U,0,U,0,U,0,U,0,U,0,U,0,U,0,U,0,U,0,U,0,U,0,U,0,U,0,U,0,U,0,U,0,U,0,U,0,U,0,U,0,U,0,U,0,U,0,U,0,U,0,U,0,U,0,U,0,U,0,U,0,U,0,U,0,U,0,U,0,U,0,U,0,U,0,U,0,U,0,U,0,U,0,U,0,U,0,U,0,U,0,U,0,U,0,U,0,U,0,U,0,U,0,U,0,U,0,U,0,U,0,U,0,U,0,U,0,U,0,U,0,U,0,U,0,U,0,U,0,U,0,U,0,U,0,U,0,U,0,U,0,U,0,U,0,U,0,U,0,U,0,U,0,U,0,U,0,U,0,U,0,U,0,U,0,U,0,U,0,U,0,U,0,U,0,U,0,U,0,U,0,U,0,U,0,U,0,U,0,U,0,U,0,U,0,U,0,U,0,U,0,U,0,U,0,U,0,U,0,U,0,U,0,U,0,U,0,U,0,U,0,U,0,U,0,U,0,U,0,U,0,U,0,U,0,U,0,U,0,U,0,U,0,U,0,U,0,U,0,U,0,U,0,U,0,U,0,U,0,U
C2-Dibenzothiophenes,0,U,0,U,0,U,0,U,0,U,0,U,0,U,0,U,0,U,0,U,0,U,0,U,0,U,0,U,0,U,0,U,0,U,0,U,0,U,0,U,0,U,0,U,0,U,0,U,0,U,0,U,0,U,0,U,0,U,0,U,0,U,0,U,0,U,0,U,0,U,0,U,0,U,0,U,0,U,0,U,0,U,0,U,0,U,0,U,0,U,0,U,0,U,0,U,0,U,0,U,0,U,0,U,0,U,0,U,0,U,0,U,0,U,0,U,0,U,0,U,0,U,0,U,0,U,0,U,0,U,0,U,0,U,0,U,0,U,0,U,0,U,0,U,0,U,0,U,0,U,0,U,0,U,0,U,0,U,0,U,0,U,0,U,0,U,0,U,0,U,0,U,0,U,0,U,0,U,0,U,0,U,0,U,0,U,0,U,0,U,0,U,0,U,0,U,0,U,0,U,0,U,0,U,0,U,0,U,0,U,0,U,0,U,0,U,0,U,0,U,0,U,0,U,0,U,0,U,0,U,0,U,0,U,0,U,0,U,0,U,0,U,0,U,0,U,0,U,0,U,0,U,0,U,0,U,0,U,0,U,0,U,0,U,0,U,0,U,0,U,0,U
C3-Dibenzothiophenes,0,U,0,U,0,U,0,U,0,U,0,U,0,U,0,U,0,U,0,U,0,U,0,U,0,U,0,U,0,U,0,U,0,U,0,U,0,U,0,U,0,U,0,U,0,U,0,U,0,U,0,U,0,U,0,U,0,U,0,U,0,U,0,U,0,U,0,U,0,U,0,U,0,U,0,U,0,U,0,U,0,U,0,U,0,U,0,U,0,U,0,U,0,U,0,U,0,U,0,U,0,U,0,U,0,U,0,U,0,U,0,U,0,U,0,U,0,U,0,U,0,U,0,U,0,U,0,U,0,U,0,U,0,U,0,U,0,U,0,U,0,U,0,U,0,U,0,U,0,U,0,U,0,U,0,U,0,U,0,U,0,U,0,U,0,U,0,U,0,U,0,U,0,U,0,U,0,U,0,U,0,U,0,U,0,U,0,U,0,U,0,U,0,U,0,U,0,U,0,U,0,U,0,U,0,U,0,U,0,U,0,U,0,U,0,U,0,U,0,U,0,U,0,U,0,U,0,U,0,U,0,U,0,U,0,U,0,U,0,U,0,U,0,U,0,U,0,U,0,U,0,U,0,U,0,U,0,U,0,U,0,U,0,U,0,U,0,U,0,U,0,U
C4-Dibenzothiophenes,0,U,0,U,0,U,0,U,0,U,0,U,0,U,0,U,0,U,0,U,0,U,0,U,0,U,0,U,0,U,0,U,0,U,0,U,0,U,0,U,0,U,0,U,0,U,0,U,0,U,0,U,0,U,0,U,0,U,0,U,0,U,0,U,0,U,0,U,0,U,0,U,0,U,0,U,0,U,0,U,0,U,0,U,0,U,0,U,0,U,0,U,0,U,0,U,0,U,0,U,0,U,0,U,0,U,0,U,0,U,0,U,0,U,0,U,0,U,0,U,0,U,0,U,0,U,0,U,0,U,0,U,0,U,0,U,0,U,0,U,0,U,0,U,0,U,0,U,0,U,0,U,0,U,0,U,0,U,0,U,0,U,0,U,0,U,0,U,0,U,0,U,0,U,0,U,0,U,0,U,0,U,0,U,0,U,0,U,0,U,0,U,0,U,0,U,0,U,0,U,0,U,0,U,0,U,0,U,0,U,0,U,0,U,0,U,0,U,0,U,0,U,0,U,0,U,0,U,0,U,0,U,0,U,0,U,0,U,0,U,0,U,0,U,0,U,0,U,0,U,0,U,0,U,0,U,0,U,0,U,0,U,0,U,0,U,0,U,0,U,0,U
Fluoranthene,0,U,0.09,J,0.09,J,0.08,J,0.1,J,0.09,J,0.09,J,0.08,J,0.08,J,0.09,J,0.08,J,0.09,J,0.11,J,0.08,J,0.06,J,0.07,J,0.06,J,0.06,J,0,U,0,U,0,U,0,U,0,U,0,U,0,U,0,U,0,U,0,U,0,U,0,U,0,U,0,U,0,U,0.3, ,0,U,0,U,0,U,0,U,0,U,0,U,0,U,0,U,0,U,0,U,0,U,0,U,0.53, ,0,U,0,U,0,U,0,U,0,U,0,U,0.75, ,0,U,0,U,0,U,0,U,0,U,0,U,0,U,0,U,0,U,0,U,0,U,0,U,0,U,0,U,0,U,0,U,0,U,0,U,0,U,0,U,0,U,0,U,0,U,0,U,0,U,0,U,0.16, ,0,U,0,U,0,U,0,U,0,U,0,U,0.18, ,0,U,0,U,0,U,0,U,0,U,0,U,0,U,0,U,0,U,0.57, ,0,U,0.45, ,0.44, ,0.44, ,0,U,0,U,0.43, ,0.39, ,0.4, ,0.44, ,0,U,0,U,0,U,0,U,0,U,0,U,0,U,0,U,0,U,0,U,0,U,0.15, ,0,U,0,U,0,U,0.23, ,0.58, ,0.75, ,0,U,0,U,0,U,0,U,0,U,0,U,0,U,0,U,0,U,0,U
Pyrene,0,U,0.24,J,0.21,J,0.19,J,0.21,J,0.21,J,0.23,J,0.19,J,0.2,J,0.19,J,0.19,J,0.25,J,0.23,J,0.13,J,0.11,J,0.13,J,0.11,J,0.11,J,0,U,0,U,0,U,0,U,0,U,0,U,0,U,0,U,0,U,0,U,0,U,0,U,0,U,0,U,0,U,0.57,J,0,U,0,U,0,U,0,U,0,U,0,U,0,U,0,U,0,U,0,U,0,U,0,U,0.32,J,0,U,0,U,0,U,0,U,0,U,0,U,0.43,J,0,U,0,U,0,U,0,U,0,U,0,U,0,U,0,U,0,U,0,U,0,U,0,U,0,U,0,U,0,U,0,U,0,U,0,U,0,U,0,U,0,U,0,U,0,U,0,U,0,U,0,U,0.34,J,0,U,0,U,0,U,0,U,0,U,0,U,0.41,J,0,U,0,U,0,U,0,U,0,U,0,U,0,U,0,U,0,U,0.67, ,0,U,0.89, ,0.87, ,0.77, ,0,U,0,U,0.87, ,0.78, ,0.81, ,0.86, ,0,U,0,U,0,U,0,U,0,U,0,U,0,U,0,U,0,U,0,U,0,U,0.28,J,0,U,0,U,0,U,0.45,J,1.13, ,1.47, ,0,U,0,U,0,U,0,U,0,U,0.39,J,0,U,0,U,0,U,0,U
C1-Fluoranthenes/Pyrenes,0,U,0.22,J,0,U,0,U,0,U,0,U,0,U,0,U,0,U,0,U,0,U,0,U,0,U,0,U,0,U,0,U,0,U,0,U,0,U,0,U,0,U,0,U,0,U,0,U,0,U,0,U,0,U,0,U,0,U,0,U,0,U,0,U,0,U,0,U,0,U,0,U,0,U,0,U,0,U,0,U,0,U,0,U,0,U,0,U,0,U,0,U,0,U,0,U,0,U,0,U,0,U,0,U,0,U,0,U,0,U,0,U,0,U,0,U,0,U,0,U,0,U,0,U,0,U,0,U,0,U,0,U,0,U,0,U,0,U,0,U,0,U,0,U,0,U,0,U,0,U,0,U,0,U,0,U,0,U,0,U,0,U,0,U,0,U,0,U,0,U,0,U,0,U,0,U,0,U,0,U,0,U,0,U,0,U,0,U,0,U,0,U,0,U,0,U,0,U,0,U,0,U,0,U,0,U,0,U,0,U,0,U,0,U,0,U,0,U,0,U,0,U,0,U,0,U,0,U,0,U,0,U,0,U,0,U,0,U,0,U,0,U,0,U,0,U,0,U,0,U,0,U,0,U,0,U,0,U,0,U,0,U,0,U,0,U,0,U,0,U,0,U
C2-Fluoranthenes/Pyrenes,0,U,0,U,0,U,0,U,0,U,0,U,0,U,0,U,0,U,0,U,0,U,0,U,0,U,0,U,0,U,0,U,0,U,0,U,0,U,0,U,0,U,0,U,0,U,0,U,0,U,0,U,0,U,0,U,0,U,0,U,0,U,0,U,0,U,0,U,0,U,0,U,0,U,0,U,0,U,0,U,0,U,0,U,0,U,0,U,0,U,0,U,0,U,0,U,0,U,0,U,0,U,0,U,0,U,0,U,0,U,0,U,0,U,0,U,0,U,0,U,0,U,0,U,0,U,0,U,0,U,0,U,0,U,0,U,0,U,0,U,0,U,0,U,0,U,0,U,0,U,0,U,0,U,0,U,0,U,0,U,0,U,0,U,0,U,0,U,0,U,0,U,0,U,0,U,0,U,0,U,0,U,0,U,0,U,0,U,0,U,0,U,0,U,0,U,0,U,0,U,0,U,0,U,0,U,0,U,0,U,0,U,0,U,0,U,0,U,0,U,0,U,0,U,0,U,0,U,0,U,0,U,0,U,0,U,0,U,0,U,0,U,0,U,0,U,0,U,0,U,0,U,0,U,0,U,0,U,0,U,0,U,0,U,0,U,0,U,0,U,0,U
C3-Fluoranthenes/Pyrenes,0,U,0,U,0,U,0,U,0,U,0,U,0,U,0,U,0,U,0,U,0,U,0,U,0,U,0,U,0,U,0,U,0,U,0,U,0,U,0,U,0,U,0,U,0,U,0,U,0,U,0,U,0,U,0,U,0,U,0,U,0,U,0,U,0,U,0,U,0,U,0,U,0,U,0,U,0,U,0,U,0,U,0,U,0,U,0,U,0,U,0,U,0,U,0,U,0,U,0,U,0,U,0,U,0,U,0,U,0,U,0,U,0,U,0,U,0,U,0,U,0,U,0,U,0,U,0,U,0,U,0,U,0,U,0,U,0,U,0,U,0,U,0,U,0,U,0,U,0,U,0,U,0,U,0,U,0,U,0,U,0,U,0,U,0,U,0,U,0,U,0,U,0,U,0,U,0,U,0,U,0,U,0,U,0,U,0,U,0,U,0,U,0,U,0,U,0,U,0,U,0,U,0,U,0,U,0,U,0,U,0,U,0,U,0,U,0,U,0,U,0,U,0,U,0,U,0,U,0,U,0,U,0,U,0,U,0,U,0,U,0,U,0,U,0,U,0,U,0,U,0,U,0,U,0,U,0,U,0,U,0,U,0,U,0,U,0,U,0,U,0,U
C4-Fluoranthenes/Pyrenes,0,U,0,U,0,U,0,U,0,U,0,U,0,U,0,U,0,U,0,U,0,U,0,U,0,U,0,U,0,U,0,U,0,U,0,U,0,U,0,U,0,U,0,U,0,U,0,U,0,U,0,U,0,U,0,U,0,U,0,U,0,U,0,U,0,U,0,U,0,U,0,U,0,U,0,U,0,U,0,U,0,U,0,U,0,U,0,U,0,U,0,U,0,U,0,U,0,U,0,U,0,U,0,U,0,U,0,U,0,U,0,U,0,U,0,U,0,U,0,U,0,U,0,U,0,U,0,U,0,U,0,U,0,U,0,U,0,U,0,U,0,U,0,U,0,U,0,U,0,U,0,U,0,U,0,U,0,U,0,U,0,U,0,U,0,U,0,U,0,U,0,U,0,U,0,U,0,U,0,U,0,U,0,U,0,U,0,U,0,U,0,U,0,U,0,U,0,U,0,U,0,U,0,U,0,U,0,U,0,U,0,U,0,U,0,U,0,U,0,U,0,U,0,U,0,U,0,U,0,U,0,U,0,U,0,U,0,U,0,U,0,U,0,U,0,U,0,U,0,U,0,U,0,U,0,U,0,U,0,U,0,U,0,U,0,U,0,U,0,U,0,U
Naphthobenzothiophene,0,U,0,U,0,U,0,U,0,U,0,U,0,U,0,U,0,U,0,U,0,U,0,U,0,U,0,U,0,U,0,U,0,U,0,U,0,U,0,U,0,U,0,U,0,U,0,U,0,U,0,U,0,U,0,U,0,U,0,U,0,U,0,U,0,U,0,U,0,U,0,U,0,U,0,U,0,U,0,U,0,U,0,U,0,U,0,U,0,U,0,U,0,U,0,U,0,U,0,U,0,U,0,U,0,U,0,U,0,U,0,U,0,U,0,U,0,U,0,U,0,U,0,U,0,U,0,U,0,U,0,U,0,U,0,U,0,U,0,U,0,U,0,U,0,U,0,U,0,U,0,U,0,U,0,U,0,U,0,U,0,U,0,U,0,U,0,U,0,U,0,U,0,U,0,U,0,U,0,U,0,U,0,U,0,U,0,U,0,U,0,U,0,U,0,U,0,U,0,U,0,U,0,U,0,U,0,U,0,U,0,U,0,U,0,U,0,U,0,U,0,U,0,U,0,U,0,U,0,U,0,U,0,U,0,U,0,U,0,U,0,U,0,U,0,U,0,U,0,U,0,U,0,U,0,U,0,U,0,U,0,U,0,U,0,U,0,U,0,U,0,U
C1-Naphthobenzothiophenes,0,U,0,U,0,U,0,U,0,U,0,U,0,U,0,U,0,U,0,U,0,U,0,U,0,U,0,U,0,U,0,U,0,U,0,U,0,U,0,U,0,U,0,U,0,U,0,U,0,U,0,U,0,U,0,U,0,U,0,U,0,U,0,U,0,U,0,U,0,U,0,U,0,U,0,U,0,U,0,U,0,U,0,U,0,U,0,U,0,U,0,U,0,U,0,U,0,U,0,U,0,U,0,U,0,U,0,U,0,U,0,U,0,U,0,U,0,U,0,U,0,U,0,U,0,U,0,U,0,U,0,U,0,U,0,U,0,U,0,U,0,U,0,U,0,U,0,U,0,U,0,U,0,U,0,U,0,U,0,U,0,U,0,U,0,U,0,U,0,U,0,U,0,U,0,U,0,U,0,U,0,U,0,U,0,U,0,U,0,U,0,U,0,U,0,U,0,U,0,U,0,U,0,U,0,U,0,U,0,U,0,U,0,U,0,U,0,U,0,U,0,U,0,U,0,U,0,U,0,U,0,U,0,U,0,U,0,U,0,U,0,U,0,U,0,U,0,U,0,U,0,U,0,U,0,U,0,U,0,U,0,U,0,U,0,U,0,U,0,U,0,U
C2-Naphthobenzothiophenes,0,U,0,U,0,U,0,U,0,U,0,U,0,U,0,U,0,U,0,U,0,U,0,U,0,U,0,U,0,U,0,U,0,U,0,U,0,U,0,U,0,U,0,U,0,U,0,U,0,U,0,U,0,U,0,U,0,U,0,U,0,U,0,U,0,U,0,U,0,U,0,U,0,U,0,U,0,U,0,U,0,U,0,U,0,U,0,U,0,U,0,U,0,U,0,U,0,U,0,U,0,U,0,U,0,U,0,U,0,U,0,U,0,U,0,U,0,U,0,U,0,U,0,U,0,U,0,U,0,U,0,U,0,U,0,U,0,U,0,U,0,U,0,U,0,U,0,U,0,U,0,U,0,U,0,U,0,U,0,U,0,U,0,U,0,U,0,U,0,U,0,U,0,U,0,U,0,U,0,U,0,U,0,U,0,U,0,U,0,U,0,U,0,U,0,U,0,U,0,U,0,U,0,U,0,U,0,U,0,U,0,U,0,U,0,U,0,U,0,U,0,U,0,U,0,U,0,U,0,U,0,U,0,U,0,U,0,U,0,U,0,U,0,U,0,U,0,U,0,U,0,U,0,U,0,U,0,U,0,U,0,U,0,U,0,U,0,U,0,U,0,U
C3-Naphthobenzothiophenes,0,U,0,U,0,U,0,U,0,U,0,U,0,U,0,U,0,U,0,U,0,U,0,U,0,U,0,U,0,U,0,U,0,U,0,U,0,U,0,U,0,U,0,U,0,U,0,U,0,U,0,U,0,U,0,U,0,U,0,U,0,U,0,U,0,U,0,U,0,U,0,U,0,U,0,U,0,U,0,U,0,U,0,U,0,U,0,U,0,U,0,U,0,U,0,U,0,U,0,U,0,U,0,U,0,U,0,U,0,U,0,U,0,U,0,U,0,U,0,U,0,U,0,U,0,U,0,U,0,U,0,U,0,U,0,U,0,U,0,U,0,U,0,U,0,U,0,U,0,U,0,U,0,U,0,U,0,U,0,U,0,U,0,U,0,U,0,U,0,U,0,U,0,U,0,U,0,U,0,U,0,U,0,U,0,U,0,U,0,U,0,U,0,U,0,U,0,U,0,U,0,U,0,U,0,U,0,U,0,U,0,U,0,U,0,U,0,U,0,U,0,U,0,U,0,U,0,U,0,U,0,U,0,U,0,U,0,U,0,U,0,U,0,U,0,U,0,U,0,U,0,U,0,U,0,U,0,U,0,U,0,U,0,U,0,U,0,U,0,U,0,U
C4-Naphthobenzothiophenes,0,U,0,U,0,U,0,U,0,U,0,U,0,U,0,U,0,U,0,U,0,U,0,U,0,U,0,U,0,U,0,U,0,U,0,U,0,U,0,U,0,U,0,U,0,U,0,U,0,U,0,U,0,U,0,U,0,U,0,U,0,U,0,U,0,U,0,U,0,U,0,U,0,U,0,U,0,U,0,U,0,U,0,U,0,U,0,U,0,U,0,U,0,U,0,U,0,U,0,U,0,U,0,U,0,U,0,U,0,U,0,U,0,U,0,U,0,U,0,U,0,U,0,U,0,U,0,U,0,U,0,U,0,U,0,U,0,U,0,U,0,U,0,U,0,U,0,U,0,U,0,U,0,U,0,U,0,U,0,U,0,U,0,U,0,U,0,U,0,U,0,U,0,U,0,U,0,U,0,U,0,U,0,U,0,U,0,U,0,U,0,U,0,U,0,U,0,U,0,U,0,U,0,U,0,U,0,U,0,U,0,U,0,U,0,U,0,U,0,U,0,U,0,U,0,U,0,U,0,U,0,U,0,U,0,U,0,U,0,U,0,U,0,U,0,U,0,U,0,U,0,U,0,U,0,U,0,U,0,U,0,U,0,U,0,U,0,U,0,U,0,U
Benz(a)anthracene,0,U,0,U,0,U,0,U,0,U,0,U,0,U,0,U,0,U,0,U,0,U,0,U,0,U,0,U,0,U,0,U,0,U,0,U,0,U,0,U,0,U,0,U,0,U,0,U,0,U,0,U,0,U,0,U,0,U,0,U,0,U,0,U,0,U,0,U,0,U,0,U,0,U,0,U,0,U,0,U,0,U,0,U,0,U,0,U,0,U,0,U,0,U,0,U,0,U,0,U,0,U,0,U,0,U,0,U,0,U,0,U,0,U,0,U,0,U,0,U,0,U,0,U,0,U,0,U,0,U,0,U,0,U,0,U,0,U,0,U,0,U,0,U,0,U,0,U,0,U,0,U,0,U,0,U,0,U,0,U,0,U,0,U,0,U,0,U,0,U,0,U,0,U,0,U,0,U,0,U,0,U,0,U,0,U,0,U,0,U,0,U,0,U,0,U,0,U,0,U,0,U,0,U,0,U,0,U,0,U,0,U,0,U,0,U,0,U,0,U,0,U,0,U,0,U,0,U,0,U,0,U,0,U,0,U,0,U,0,U,0,U,0,U,0,U,0,U,0,U,0,U,0,U,0,U,0,U,0,U,0,U,0,U,0,U,0,U,0,U,0,U
Chrysene/Triphenylene,0,U,0,U,0,U,0,U,0,U,0,U,0,U,0,U,0,U,0,U,0,U,0,U,0,U,0,U,0,U,0,U,0,U,0,U,0,U,0,U,0,U,0,U,0,U,0,U,0,U,0,U,0,U,0,U,0,U,0,U,0,U,0,U,0,U,0,U,0,U,0,U,0,U,0,U,0,U,0,U,0,U,0,U,0,U,0,U,0,U,0,U,0,U,0,U,0,U,0,U,0,U,0,U,0,U,0,U,0,U,0,U,0,U,0,U,0,U,0,U,0,U,0,U,0,U,0,U,0,U,0,U,0,U,0,U,0,U,0,U,0,U,0,U,0,U,0,U,0,U,0,U,0,U,0,U,0,U,0,U,0,U,0,U,0,U,0,U,0,U,0,U,0,U,0,U,0,U,0,U,0,U,0,U,0,U,0,U,0,U,0,U,0,U,0,U,0,U,0,U,0,U,0,U,0,U,0,U,0,U,0,U,0,U,0,U,0,U,0,U,0,U,0,U,0,U,0,U,0,U,0,U,0,U,0,U,0,U,0,U,0,U,0,U,0,U,0,U,0,U,0,U,0,U,0,U,0,U,0,U,0,U,0,U,0,U,0,U,0,U,0,U
C1-Chrysenes,0,U,0,U,0,U,0,U,0,U,0,U,0,U,0,U,0,U,0,U,0,U,0,U,0,U,0,U,0,U,0,U,0,U,0,U,0,U,0,U,0,U,0,U,0,U,0,U,0,U,0,U,0,U,0,U,0,U,0,U,0,U,0,U,0,U,0,U,0,U,0,U,0,U,0,U,0,U,0,U,0,U,0,U,0,U,0,U,0,U,0,U,0,U,0,U,0,U,0,U,0,U,0,U,0,U,0,U,0,U,0,U,0,U,0,U,0,U,0,U,0,U,0,U,0,U,0,U,0,U,0,U,0,U,0,U,0,U,0,U,0,U,0,U,0,U,0,U,0,U,0,U,0,U,0,U,0,U,0,U,0,U,0,U,0,U,0,U,0,U,0,U,0,U,0,U,0,U,0,U,0,U,0,U,0,U,0,U,0,U,0,U,0,U,0,U,0,U,0,U,0,U,0,U,0,U,0,U,0,U,0,U,0,U,0,U,0,U,0,U,0,U,0,U,0,U,0,U,0,U,0,U,0,U,0,U,0,U,0,U,0,U,0,U,0,U,0,U,0,U,0,U,0,U,0,U,0,U,0,U,0,U,0,U,0,U,0,U,0,U,0,U
C2-Chrysenes,0,U,0,U,0,U,0,U,0,U,0,U,0,U,0,U,0,U,0,U,0,U,0,U,0,U,0,U,0,U,0,U,0,U,0,U,0,U,0,U,0,U,0,U,0,U,0,U,0,U,0,U,0,U,0,U,0,U,0,U,0,U,0,U,0,U,0,U,0,U,0,U,0,U,0,U,0,U,0,U,0,U,0,U,0,U,0,U,0,U,0,U,0,U,0,U,0,U,0,U,0,U,0,U,0,U,0,U,0,U,0,U,0,U,0,U,0,U,0,U,0,U,0,U,0,U,0,U,0,U,0,U,0,U,0,U,0,U,0,U,0,U,0,U,0,U,0,U,0,U,0,U,0,U,0,U,0,U,0,U,0,U,0,U,0,U,0,U,0,U,0,U,0,U,0,U,0,U,0,U,0,U,0,U,0,U,0,U,0,U,0,U,0,U,0,U,0,U,0,U,0,U,0,U,0,U,0,U,0,U,0,U,0,U,0,U,0,U,0,U,0,U,0,U,0,U,0,U,0,U,0,U,0,U,0,U,0,U,0,U,0,U,0,U,0,U,0,U,0,U,0,U,0,U,0,U,0,U,0,U,0,U,0,U,0,U,0,U,0,U,0,U
C3-Chrysenes,0,U,0,U,0,U,0,U,0,U,0,U,0,U,0,U,0,U,0,U,0,U,0,U,0,U,0,U,0,U,0,U,0,U,0,U,0,U,0,U,0,U,0,U,0,U,0,U,0,U,0,U,0,U,0,U,0,U,0,U,0,U,0,U,0,U,0,U,0,U,0,U,0,U,0,U,0,U,0,U,0,U,0,U,0,U,0,U,0,U,0,U,0,U,0,U,0,U,0,U,0,U,0,U,0,U,0,U,0,U,0,U,0,U,0,U,0,U,0,U,0,U,0,U,0,U,0,U,0,U,0,U,0,U,0,U,0,U,0,U,0,U,0,U,0,U,0,U,0,U,0,U,0,U,0,U,0,U,0,U,0,U,0,U,0,U,0,U,0,U,0,U,0,U,0,U,0,U,0,U,0,U,0,U,0,U,0,U,0,U,0,U,0,U,0,U,0,U,0,U,0,U,0,U,0,U,0,U,0,U,0,U,0,U,0,U,0,U,0,U,0,U,0,U,0,U,0,U,0,U,0,U,0,U,0,U,0,U,0,U,0,U,0,U,0,U,0,U,0,U,0,U,0,U,0,U,0,U,0,U,0,U,0,U,0,U,0,U,0,U,0,U
C4-Chrysenes,0,U,0,U,0,U,0,U,0,U,0,U,0,U,0,U,0,U,0,U,0,U,0,U,0,U,0,U,0,U,0,U,0,U,0,U,0,U,0,U,0,U,0,U,0,U,0,U,0,U,0,U,0,U,0,U,0,U,0,U,0,U,0,U,0,U,0,U,0,U,0,U,0,U,0,U,0,U,0,U,0,U,0,U,0,U,0,U,0,U,0,U,0,U,0,U,0,U,0,U,0,U,0,U,0,U,0,U,0,U,0,U,0,U,0,U,0,U,0,U,0,U,0,U,0,U,0,U,0,U,0,U,0,U,0,U,0,U,0,U,0,U,0,U,0,U,0,U,0,U,0,U,0,U,0,U,0,U,0,U,0,U,0,U,0,U,0,U,0,U,0,U,0,U,0,U,0,U,0,U,0,U,0,U,0,U,0,U,0,U,0,U,0,U,0,U,0,U,0,U,0,U,0,U,0,U,0,U,0,U,0,U,0,U,0,U,0,U,0,U,0,U,0,U,0,U,0,U,0,U,0,U,0,U,0,U,0,U,0,U,0,U,0,U,0,U,0,U,0,U,0,U,0,U,0,U,0,U,0,U,0,U,0,U,0,U,0,U,0,U,0,U
Benzo(b)fluoranthene,0,U,0,U,0,U,0,U,0,U,0,U,0,U,0,U,0,U,0,U,0,U,0,U,0,U,0,U,0,U,0,U,0,U,0,U,0,U,0,U,0,U,0,U,0,U,0,U,0,U,0,U,0,U,0,U,0,U,0,U,0,U,0,U,0,U,0,U,0,U,0,U,0,U,0,U,0,U,0,U,0,U,0,U,0,U,0,U,0,U,0,U,0,U,0,U,0,U,0,U,0,U,0,U,0,U,0,U,0,U,0,U,0,U,0,U,0,U,0,U,0,U,0,U,0,U,0,U,0,U,0,U,0,U,0,U,0,U,0,U,0,U,0,U,0,U,0,U,0,U,0,U,0,U,0,U,0,U,0,U,0,U,0,U,0,U,0,U,0,U,0,U,0,U,0,U,0,U,0,U,0,U,0,U,0,U,0,U,0,U,0,U,0,U,0,U,0,U,0,U,0,U,0,U,0,U,0,U,0,U,0,U,0,U,0,U,0,U,0,U,0,U,0,U,0,U,0,U,0,U,0,U,0,U,0,U,0,U,0,U,0,U,0,U,0,U,0,U,0,U,0,U,0,U,0,U,0,U,0,U,0,U,0,U,0,U,0,U,0,U,0,U
"Benzo(k,j)fluoranthene",0,U,0,U,0,U,0,U,0,U,0,U,0,U,0,U,0,U,0,U,0,U,0,U,0,U,0,U,0,U,0,U,0,U,0,U,0,U,0,U,0,U,0,U,0,U,0,U,0,U,0,U,0,U,0,U,0,U,0,U,0,U,0,U,0,U,0,U,0,U,0,U,0,U,0,U,0,U,0,U,0,U,0,U,0,U,0,U,0,U,0,U,0,U,0,U,0,U,0,U,0,U,0,U,0,U,0,U,0,U,0,U,0,U,0,U,0,U,0,U,0,U,0,U,0,U,0,U,0,U,0,U,0,U,0,U,0,U,0,U,0,U,0,U,0,U,0,U,0,U,0,U,0,U,0,U,0,U,0,U,0,U,0,U,0,U,0,U,0,U,0,U,0,U,0,U,0,U,0,U,0,U,0,U,0,U,0,U,0,U,0,U,0,U,0,U,0,U,0,U,0,U,0,U,0,U,0,U,0,U,0,U,0,U,0,U,0,U,0,U,0,U,0,U,0,U,0,U,0,U,0,U,0,U,0,U,0,U,0,U,0,U,0,U,0,U,0,U,0,U,0,U,0,U,0,U,0,U,0,U,0,U,0,U,0,U,0,U,0,U,0,U
Benzo(a)fluoranthene,0,U,0,U,0,U,0,U,0,U,0,U,0,U,0,U,0,U,0,U,0,U,0,U,0,U,0,U,0,U,0,U,0,U,0,U,0,U,0,U,0,U,0,U,0,U,0,U,0,U,0,U,0,U,0,U,0,U,0,U,0,U,0,U,0,U,0,U,0,U,0,U,0,U,0,U,0,U,0,U,0,U,0,U,0,U,0,U,0,U,0,U,0,U,0,U,0,U,0,U,0,U,0,U,0,U,0,U,0,U,0,U,0,U,0,U,0,U,0,U,0,U,0,U,0,U,0,U,0,U,0,U,0,U,0,U,0,U,0,U,0,U,0,U,0,U,0,U,0,U,0,U,0,U,0,U,0,U,0,U,0,U,0,U,0,U,0,U,0,U,0,U,0,U,0,U,0,U,0,U,0,U,0,U,0,U,0,U,0,U,0,U,0,U,0,U,0,U,0,U,0,U,0,U,0,U,0,U,0,U,0,U,0,U,0,U,0,U,0,U,0,U,0,U,0,U,0,U,0,U,0,U,0,U,0,U,0,U,0,U,0,U,0,U,0,U,0,U,0,U,0,U,0,U,0,U,0,U,0,U,0,U,0,U,0,U,0,U,0,U,0,U
Benzo(e)pyrene,0,U,0,U,0,U,0,U,0,U,0,U,0,U,0,U,0,U,0,U,0,U,0,U,0,U,0,U,0,U,0,U,0,U,0,U,0,U,0,U,0,U,0,U,0,U,0,U,0,U,0,U,0,U,0,U,0,U,0,U,0,U,0,U,0,U,0,U,0,U,0,U,0,U,0,U,0,U,0,U,0,U,0,U,0,U,0,U,0,U,0,U,0,U,0,U,0,U,0,U,0,U,0,U,0,U,0,U,0,U,0,U,0,U,0,U,0,U,0,U,0,U,0,U,0,U,0,U,0,U,0,U,0,U,0,U,0,U,0,U,0,U,0,U,0,U,0,U,0,U,0,U,0,U,0,U,0,U,0,U,0,U,0,U,0,U,0,U,0,U,0,U,0,U,0,U,0,U,0,U,0,U,0,U,0,U,0,U,0,U,0,U,0,U,0,U,0,U,0,U,0,U,0,U,0,U,0,U,0,U,0,U,0,U,0,U,0,U,0,U,0,U,0,U,0,U,0,U,0,U,0,U,0,U,0,U,0,U,0,U,0,U,0,U,0,U,0,U,0,U,0,U,0,U,0,U,0,U,0,U,0,U,0,U,0,U,0,U,0,U,0,U
Benzo(a)pyrene,0,U,0,U,0,U,0,U,0,U,0,U,0,U,0,U,0,U,0,U,0,U,0,U,0,U,0,U,0,U,0,U,0,U,0,U,0,U,0,U,0,U,0,U,0,U,0,U,0,U,0,U,0,U,0,U,0,U,0,U,0,U,0,U,0,U,0,U,0,U,0,U,0,U,0,U,0,U,0,U,0,U,0,U,0,U,0,U,0,U,0,U,0,U,0,U,0,U,0,U,0,U,0,U,0,U,0,U,0,U,0,U,0,U,0,U,0,U,0,U,0,U,0,U,0,U,0,U,0,U,0,U,0,U,0,U,0,U,0,U,0,U,0,U,0,U,0,U,0,U,0,U,0,U,0,U,0,U,0,U,0,U,0,U,0,U,0,U,0,U,0,U,0,U,0,U,0,U,0,U,0,U,0,U,0,U,0,U,0,U,0,U,0,U,0,U,0,U,0,U,0,U,0,U,0,U,0,U,0,U,0,U,0,U,0,U,0,U,0,U,0,U,0,U,0,U,0,U,0,U,0,U,0,U,0,U,0,U,0,U,0,U,0,U,0,U,0,U,0,U,0,U,0,U,0,U,0,U,0,U,0,U,0,U,0,U,0,U,0,U,0,U
Perylene,1.9, ,0,U,3.57, ,0,U,0,U,0,U,0,U,0,U,0,U,0,U,0,U,0,U,0,U,0,U,0,U,0,U,0,U,0,U,0,U,0,U,0.77,J,0,U,0,U,0,U,0.42,J,0,U,0,U,0,U,0,U,0,U,0,U,0,U,0.56,J,0,U,0,U,0,U,0,U,0,U,0,U,1.36,J,0,U,0,U,0.77,J,0,U,0,U,0,U,0,U,0,U,0,U,0,U,0,U,0,U,0,U,0,U,0,U,0,U,1.5, ,0,U,0,U,0,U,0.87,J,0,U,0,U,0,U,0,U,0,U,0,U,0,U,0.47,J,0,U,0,U,1.11,J,0,U,0,U,1.01,J,0,U,0,U,0,U,0.87,J,0,U,0,U,0,U,0,U,0,U,0,U,0,U,1.42,J,0,U,0,U,0,U,0,U,0,U,2.07, ,0,U,0,U,0,U,0.55,J,0,U,0,U,2.85, ,0.78,J,0,U,0.67,J,0,U,0,U,0,U,0,U,0,U,0,U,0,U,0,U,0,U,1.3,J,0,U,0,U,0,U,0,U,0,U,1.5,J,1.88, ,0,U,0,U,0,U,0,U,0,U,0,U,0,U,0.47,J,1.1,J,0,U,0,U,0,U,0,U,0,U,0,U,0,U
"Indeno(1,2,3-c,d)pyrene",0,U,0,U,0,U,0,U,0,U,0,U,0,U,0,U,0,U,0,U,0,U,0,U,0,U,0,U,0,U,0,U,0,U,0,U,0,U,0,U,0,U,0,U,0,U,0,U,0,U,0,U,0,U,0,U,0,U,0,U,0,U,0,U,0,U,0,U,0,U,0,U,0,U,0,U,0,U,0,U,0,U,0,U,0,U,0,U,0,U,0,U,0,U,0,U,0,U,0,U,0,U,0,U,0,U,0,U,0,U,0,U,0,U,0,U,0,U,0,U,0,U,0,U,0,U,0,U,0,U,0,U,0,U,0,U,0,U,0,U,0,U,0,U,0,U,0,U,0,U,0,U,0,U,0,U,0,U,0,U,0,U,0,U,0,U,0,U,0,U,0,U,0,U,0,U,0,U,0,U,0,U,0,U,0,U,0,U,0,U,0,U,0,U,0,U,0,U,0,U,0,U,0,U,0,U,0,U,0,U,0,U,0,U,0,U,0,U,0,U,0,U,0,U,0,U,0,U,0,U,0,U,0,U,0,U,0,U,0,U,0,U,0,U,0,U,0,U,0,U,0,U,0,U,0,U,0,U,0,U,0,U,0,U,0,U,0,U,0,U,0,U
"Dibenzo(a,h)anthracene",0,U,0,U,0,U,0,U,0,U,0,U,0,U,0,U,0,U,0,U,0,U,0,U,0,U,0,U,0,U,0,U,0,U,0,U,0,U,0,U,0,U,0,U,0,U,0,U,0,U,0,U,0,U,0,U,0,U,0,U,0,U,0,U,0,U,0,U,0,U,0,U,0,U,0,U,0,U,0,U,0,U,0,U,0,U,0,U,0,U,0,U,0,U,0,U,0,U,0,U,0,U,0,U,0,U,0,U,0,U,0,U,0,U,0,U,0,U,0,U,0,U,0,U,0,U,0,U,0,U,0,U,0,U,0,U,0,U,0,U,0,U,0,U,0,U,0,U,0,U,0,U,0,U,0,U,0,U,0,U,0,U,0,U,0,U,0,U,0,U,0,U,0,U,0,U,0,U,0,U,0,U,0,U,0,U,0,U,0,U,0,U,0,U,0,U,0,U,0,U,0,U,0,U,0,U,0,U,0,U,0,U,0,U,0,U,0,U,0,U,0,U,0,U,0,U,0,U,0,U,0,U,0,U,0,U,0,U,0,U,0,U,0,U,0,U,0,U,0,U,0,U,0,U,0,U,0,U,0,U,0,U,0,U,0,U,0,U,0,U,0,U
"C1-Dibenzo(a,h)anthracenes",0,U,0,U,0,U,0,U,0,U,0,U,0,U,0,U,0,U,0,U,0,U,0,U,0,U,0,U,0,U,0,U,0,U,0,U,0,U,0,U,0,U,0,U,0,U,0,U,0,U,0,U,0,U,0,U,0,U,0,U,0,U,0,U,0,U,0,U,0,U,0,U,0,U,0,U,0,U,0,U,0,U,0,U,0,U,0,U,0,U,0,U,0,U,0,U,0,U,0,U,0,U,0,U,0,U,0,U,0,U,0,U,0,U,0,U,0,U,0,U,0,U,0,U,0,U,0,U,0,U,0,U,0,U,0,U,0,U,0,U,0,U,0,U,0,U,0,U,0,U,0,U,0,U,0,U,0,U,0,U,0,U,0,U,0,U,0,U,0,U,0,U,0,U,0,U,0,U,0,U,0,U,0,U,0,U,0,U,0,U,0,U,0,U,0,U,0,U,0,U,0,U,0,U,0,U,0,U,0,U,0,U,0,U,0,U,0,U,0,U,0,U,0,U,0,U,0,U,0,U,0,U,0,U,0,U,0,U,0,U,0,U,0,U,0,U,0,U,0,U,0,U,0,U,0,U,0,U,0,U,0,U,0,U,0,U,0,U,0,U,0,U
"C2-Dibenzo(a,h)anthracenes",0,U,0,U,0,U,0,U,0,U,0,U,0,U,0,U,0,U,0,U,0,U,0,U,0,U,0,U,0,U,0,U,0,U,0,U,0,U,0,U,0,U,0,U,0,U,0,U,0,U,0,U,0,U,0,U,0,U,0,U,0,U,0,U,0,U,0,U,0,U,0,U,0,U,0,U,0,U,0,U,0,U,0,U,0,U,0,U,0,U,0,U,0,U,0,U,0,U,0,U,0,U,0,U,0,U,0,U,0,U,0,U,0,U,0,U,0,U,0,U,0,U,0,U,0,U,0,U,0,U,0,U,0,U,0,U,0,U,0,U,0,U,0,U,0,U,0,U,0,U,0,U,0,U,0,U,0,U,0,U,0,U,0,U,0,U,0,U,0,U,0,U,0,U,0,U,0,U,0,U,0,U,0,U,0,U,0,U,0,U,0,U,0,U,0,U,0,U,0,U,0,U,0,U,0,U,0,U,0,U,0,U,0,U,0,U,0,U,0,U,0,U,0,U,0,U,0,U,0,U,0,U,0,U,0,U,0,U,0,U,0,U,0,U,0,U,0,U,0,U,0,U,0,U,0,U,0,U,0,U,0,U,0,U,0,U,0,U,0,U,0,U
"C3-Dibenzo(a,h)anthracenes",0,U,0,U,0,U,0,U,0,U,0,U,0,U,0,U,0,U,0,U,0,U,0,U,0,U,0,U,0,U,0,U,0,U,0,U,0,U,0,U,0,U,0,U,0,U,0,U,0,U,0,U,0,U,0,U,0,U,0,U,0,U,0,U,0,U,0,U,0,U,0,U,0,U,0,U,0,U,0,U,0,U,0,U,0,U,0,U,0,U,0,U,0,U,0,U,0,U,0,U,0,U,0,U,0,U,0,U,0,U,0,U,0,U,0,U,0,U,0,U,0,U,0,U,0,U,0,U,0,U,0,U,0,U,0,U,0,U,0,U,0,U,0,U,0,U,0,U,0,U,0,U,0,U,0,U,0,U,0,U,0,U,0,U,0,U,0,U,0,U,0,U,0,U,0,U,0,U,0,U,0,U,0,U,0,U,0,U,0,U,0,U,0,U,0,U,0,U,0,U,0,U,0,U,0,U,0,U,0,U,0,U,0,U,0,U,0,U,0,U,0,U,0,U,0,U,0,U,0,U,0,U,0,U,0,U,0,U,0,U,0,U,0,U,0,U,0,U,0,U,0,U,0,U,0,U,0,U,0,U,0,U,0,U,0,U,0,U,0,U,0,U
"Benzo(g,h,i)perylene",0,U,0,U,0,U,0,U,0,U,0,U,0,U,0,U,0,U,0,U,0,U,0,U,0,U,0,U,0,U,0,U,0,U,0,U,0,U,0,U,0,U,0,U,0,U,0,U,0,U,0,U,0,U,0,U,0,U,0,U,0,U,0,U,0,U,0,U,0,U,0,U,0,U,0,U,0,U,0,U,0,U,0,U,0,U,0,U,0,U,0,U,0,U,0,U,0,U,0,U,0,U,0,U,0,U,0,U,0,U,0,U,0,U,0,U,0,U,0,U,0,U,0,U,0,U,0,U,0,U,0,U,0,U,0,U,0,U,0,U,0,U,0,U,0,U,0,U,0,U,0,U,0,U,0,U,0,U,0,U,0,U,0,U,0,U,0,U,0,U,0,U,0,U,0,U,0,U,0,U,0,U,0,U,0,U,0,U,0,U,0,U,0,U,0,U,0,U,0,U,0,U,0,U,0,U,0,U,0,U,0,U,0,U,0,U,0,U,0,U,0,U,0,U,0,U,0,U,0,U,0,U,0,U,0,U,0,U,0,U,0,U,0,U,0,U,0,U,0,U,0,U,0,U,0,U,0,U,0,U,0,U,0,U,0,U,0,U,0,U,0,U
,,,,,,,,,,,,,,,,,,,,,,,,,,,,,,,,,,,,,,,,,,,,,,,,,,,,,,,,,,,,,,,,,,,,,,,,,,,,,,,,,,,,,,,,,,,,,,,,,,,,,,,,,,,,,,,,,,,,,,,,,,,,,,,,,,,,,,,,,,,,,,,,,,,,,,,,,,,,,,,,,,,,,,,,,,,,,,,,,,,,,,,,,,,,,,,,,,,,,,,,,,,,,,,,,,,,,,,,,,,,,,,,,,,,,,,,,,,,,,,,,,,,,,,,,,,,,,,,,,,,,,,,,,,,,,,,
Total PAHs,3.63,,2.32,,7.56,,1.55,,2.83,,2.01,,5.97,,2.1,,2.86,,1.74,,3.09,,2.82,,3.16,,2.15,,3.91,,2.01,,3.07,,2.08,,2.35,,1.04,,2.1,,1.12,,1.21,,1.62,,1.72,,0.77,,1.83,,3.03,,4.7,,6.57,,7.53,,3.79,,3.16,,4.74,,4.3,,1.4,,3.34,,1.99,,1.42,,3.56,,2.07,,1.57,,6.43,,6.97,,9.29,,6.47,,7.48,,4.22,,2.92,,3.47,,5.36,,8.73,,5.86,,13.6,,2.3,,2.43,,2.79,,3.66,,2.07,,2.47,,4.87,,2.42,,2.84,,2.33,,1.8,,2.14,,2.4,,1.69,,1.36,,2.02,,1.72,,3.11,,1.97,,1.5,,1.01,,0.97,,0,,0,,5.42,,2.55,,3.86,,1.98,,0.56,,0.94,,1.59,,3.3,,3.48,,1.87,,2.78,,2.82,,0,,1.83,,3.77,,0.91,,1.73,,3.24,,1.76,,3.05,,0,,9.93,,8.16,,3.32,,4.44,,1.65,,4.09,,4.09,,4.01,,4.33,,1.05,,2.97,,1,,1.1,,2.56,,1.23,,1.04,,1.96,,2.3,,2.19,,5.04,,4.64,,0.56,,2.8,,2.58,,3.04,,4.32,,24.41,,3.73,,1.19,,2.07,,0.68,,2.47,,2.04,,3.51,,1.68,,1.68,,2.31,
,,,,,,,,,,,,,,,,,,,,,,,,,,,,,,,,,,,,,,,,,,,,,,,,,,,,,,,,,,,,,,,,,,,,,,,,,,,,,,,,,,,,,,,,,,,,,,,,,,,,,,,,,,,,,,,,,,,,,,,,,,,,,,,,,,,,,,,,,,,,,,,,,,,,,,,,,,,,,,,,,,,,,,,,,,,,,,,,,,,,,,,,,,,,,,,,,,,,,,,,,,,,,,,,,,,,,,,,,,,,,,,,,,,,,,,,,,,,,,,,,,,,,,,,,,,,,,,,,,,,,,,,,,,,,,,,
,,,,,,,,,,,,,,,,,,,,,,,,,,,,,,,,,,,,,,,,,,,,,,,,,,,,,,,,,,,,,,,,,,,,,,,,,,,,,,,,,,,,,,,,,,,,,,,,,,,,,,,,,,,,,,,,,,,,,,,,,,,,,,,,,,,,,,,,,,,,,,,,,,,,,,,,,,,,,,,,,,,,,,,,,,,,,,,,,,,,,,,,,,,,,,,,,,,,,,,,,,,,,,,,,,,,,,,,,,,,,,,,,,,,,,,,,,,,,,,,,,,,,,,,,,,,,,,,,,,,,,,,,,,,,,,,
Target Compounds,Su. Corrected,Q,Su. Corrected,Q,Su. Corrected,Q,Su. Corrected,Q,Su. Corrected,Q,Su. Corrected,Q,Su. Corrected,Q,Su. Corrected,Q,Su. Corrected,Q,Su. Corrected,Q,Su. Corrected,Q,Su. Corrected,Q,Su. Corrected,Q,Su. Corrected,Q,Su. Corrected,Q,Su. Corrected,Q,Su. Corrected,Q,Su. Corrected,Q,Su. Corrected,Q,Su. Corrected,Q,Su. Corrected,Q,Su. Corrected,Q,Su. Corrected,Q,Su. Corrected,Q,Su. Corrected,Q,Su. Corrected,Q,Su. Corrected,Q,Su. Corrected,Q,Su. Corrected,Q,Su. Corrected,Q,Su. Corrected,Q,Su. Corrected,Q,Su. Corrected,Q,Su. Corrected,Q,Su. Corrected,Q,Su. Corrected,Q,Su. Corrected,Q,Su. Corrected,Q,Su. Corrected,Q,Su. Corrected,Q,Su. Corrected,Q,Su. Corrected,Q,Su. Corrected,Q,Su. Corrected,Q,Su. Corrected,Q,Su. Corrected,Q,Su. Corrected,Q,Su. Corrected,Q,Su. Corrected,Q,Su. Corrected,Q,Su. Corrected,Q,Su. Corrected,Q,Su. Corrected,Q,Su. Corrected,Q,Su. Corrected,Q,Su. Corrected,Q,Su. Corrected,Q,Su. Corrected,Q,Su. Corrected,Q,Su. Corrected,Q,Su. Corrected,Q,Su. Corrected,Q,Su. Corrected,Q,Su. Corrected,Q,Su. Corrected,Q,Su. Corrected,Q,Su. Corrected,Q,Su. Corrected,Q,Su. Corrected,Q,Su. Corrected,Q,Su. Corrected,Q,Su. Corrected,Q,Su. Corrected,Q,Su. Corrected,Q,Su. Corrected,Q,Su. Corrected,Q,Su. Corrected,Q,Su. Corrected,Q,Su. Corrected,Q,Su. Corrected,Q,Su. Corrected,Q,Su. Corrected,Q,Su. Corrected,Q,Su. Corrected,Q,Su. Corrected,Q,Su. Corrected,Q,Su. Corrected,Q,Su. Corrected,Q,Su. Corrected,Q,Su. Corrected,Q,Su. Corrected,Q,Su. Corrected,Q,Su. Corrected,Q,Su. Corrected,Q,Su. Corrected,Q,Su. Corrected,Q,Su. Corrected,Q,Su. Corrected,Q,Su. Corrected,Q,Su. Corrected,Q,Su. Corrected,Q,Su. Corrected,Q,Su. Corrected,Q,Su. Corrected,Q,Su. Corrected,Q,Su. Corrected,Q,Su. Corrected,Q,Su. Corrected,Q,Su. Corrected,Q,Su. Corrected,Q,Su. Corrected,Q,Su. Corrected,Q,Su. Corrected,Q,Su. Corrected,Q,Su. Corrected,Q,Su. Corrected,Q,Su. Corrected,Q,Su. Corrected,Q,Su. Corrected,Q,Su. Corrected,Q,Su. Corrected,Q,Su. Corrected,Q,Su. Corrected,Q,Su. Corrected,Q,Su. Corrected,Q,Su. Corrected,Q,Su. Corrected,Q,Su. Corrected,Q,Su. Corrected,Q,Su. Corrected,Q,Su. Corrected,Q,Su. Corrected,Q,Su. Corrected,Q,Su. Corrected,Q,Su. Corrected,Q,Su. Corrected,Q
,Conc. (ng/wet g),,Conc. (ng/wet g),,Conc. (ng/wet g),,Conc. (ng/wet g),,Conc. (ng/wet g),,Conc. (ng/wet g),,Conc. (ng/wet g),,Conc. (ng/wet g),,Conc. (ng/wet g),,Conc. (ng/wet g),,Conc. (ng/wet g),,Conc. (ng/wet g),,Conc. (ng/wet g),,Conc. (ng/wet g),,Conc. (ng/wet g),,Conc. (ng/wet g),,Conc. (ng/wet g),,Conc. (ng/wet g),,Conc. (ng/wet g),,Conc. (ng/wet g),,Conc. (ng/wet g),,Conc. (ng/wet g),,Conc. (ng/wet g),,Conc. (ng/wet g),,Conc. (ng/wet g),,Conc. (ng/wet g),,Conc. (ng/wet g),,Conc. (ng/wet g),,Conc. (ng/wet g),,Conc. (ng/wet g),,Conc. (ng/wet g),,Conc. (ng/wet g),,Conc. (ng/wet g),,Conc. (ng/wet g),,Conc. (ng/wet g),,Conc. (ng/wet g),,Conc. (ng/wet g),,Conc. (ng/wet g),,Conc. (ng/wet g),,Conc. (ng/wet g),,Conc. (ng/wet g),,Conc. (ng/wet g),,Conc. (ng/wet g),,Conc. (ng/wet g),,Conc. (ng/wet g),,Conc. (ng/wet g),,Conc. (ng/wet g),,Conc. (ng/wet g),,Conc. (ng/wet g),,Conc. (ng/wet g),,Conc. (ng/wet g),,Conc. (ng/wet g),,Conc. (ng/wet g),,Conc. (ng/wet g),,Conc. (ng/wet g),,Conc. (ng/wet g),,Conc. (ng/wet g),,Conc. (ng/wet g),,Conc. (ng/wet g),,Conc. (ng/wet g),,Conc. (ng/wet g),,Conc. (ng/wet g),,Conc. (ng/wet g),,Conc. (ng/wet g),,Conc. (ng/wet g),,Conc. (ng/wet g),,Conc. (ng/wet g),,Conc. (ng/wet g),,Conc. (ng/wet g),,Conc. (ng/wet g),,Conc. (ng/wet g),,Conc. (ng/wet g),,Conc. (ng/wet g),,Conc. (ng/wet g),,Conc. (ng/wet g),,Conc. (ng/wet g),,Conc. (ng/wet g),,Conc. (ng/wet g),,Conc. (ng/wet g),,Conc. (ng/wet g),,Conc. (ng/wet g),,Conc. (ng/wet g),,Conc. (ng/wet g),,Conc. (ng/wet g),,Conc. (ng/wet g),,Conc. (ng/wet g),,Conc. (ng/wet g),,Conc. (ng/wet g),,Conc. (ng/wet g),,Conc. (ng/wet g),,Conc. (ng/wet g),,Conc. (ng/wet g),,Conc. (ng/wet g),,Conc. (ng/wet g),,Conc. (ng/wet g),,Conc. (ng/wet g),,Conc. (ng/wet g),,Conc. (ng/wet g),,Conc. (ng/wet g),,Conc. (ng/wet g),,Conc. (ng/wet g),,Conc. (ng/wet g),,Conc. (ng/wet g),,Conc. (ng/wet g),,Conc. (ng/wet g),,Conc. (ng/wet g),,Conc. (ng/wet g),,Conc. (ng/wet g),,Conc. (ng/wet g),,Conc. (ng/wet g),,Conc. (ng/wet g),,Conc. (ng/wet g),,Conc. (ng/wet g),,Conc. (ng/wet g),,Conc. (ng/wet g),,Conc. (ng/wet g),,Conc. (ng/wet g),,Conc. (ng/wet g),,Conc. (ng/wet g),,Conc. (ng/wet g),,Conc. (ng/wet g),,Conc. (ng/wet g),,Conc. (ng/wet g),,Conc. (ng/wet g),,Conc. (ng/wet g),,Conc. (ng/wet g),,Conc. (ng/wet g),,Conc. (ng/wet g),,Conc. (ng/wet g),,Conc. (ng/wet g),,Conc. (ng/wet g),,Conc. (ng/wet g),,Conc. (ng/wet g),,Conc. (ng/wet g),,Conc. (ng/wet g),,Conc. (ng/wet g),
Individual Alkyl Isomers and Hopanes,,,,,,,,,,,,,,,,,,,,,,,,,,,,,,,,,,,,,,,,,,,,,,,,,,,,,,,,,,,,,,,,,,,,,,,,,,,,,,,,,,,,,,,,,,,,,,,,,,,,,,,,,,,,,,,,,,,,,,,,,,,,,,,,,,,,,,,,,,,,,,,,,,,,,,,,,,,,,,,,,,,,,,,,,,,,,,,,,,,,,,,,,,,,,,,,,,,,,,,,,,,,,,,,,,,,,,,,,,,,,,,,,,,,,,,,,,,,,,,,,,,,,,,,,,,,,,,,,,,,,,,,,,,,,,,,
,,,,,,,,,,,,,,,,,,,,,,,,,,,,,,,,,,,,,,,,,,,,,,,,,,,,,,,,,,,,,,,,,,,,,,,,,,,,,,,,,,,,,,,,,,,,,,,,,,,,,,,,,,,,,,,,,,,,,,,,,,,,,,,,,,,,,,,,,,,,,,,,,,,,,,,,,,,,,,,,,,,,,,,,,,,,,,,,,,,,,,,,,,,,,,,,,,,,,,,,,,,,,,,,,,,,,,,,,,,,,,,,,,,,,,,,,,,,,,,,,,,,,,,,,,,,,,,,,,,,,,,,,,,,,,,,
2-Methylnaphthalene,0,U,0,U,0.27, ,0,U,0,U,0,U,0,U,0,U,0,U,0,U,0,U,0,U,0,U,0,U,0.26, ,0,U,0,U,0,U,0,U,0,U,0,U,0,U,0,U,0,U,0,U,0,U,0,U,0,U,0,U,0.38, ,0,U,0,U,0,U,0,U,0,U,0,U,0,U,0,U,0,U,0,U,0,U,0,U,0,U,0,U,0.52, ,0.65, ,0.59, ,0,U,0,U,0.59, ,0,U,0,U,0,U,0,U,0,U,0,U,0,U,0,U,0,U,0,U,0,U,0,U,0,U,0,U,0,U,0,U,0,U,0,U,0,U,0,U,0,U,0,U,0,U,0,U,0,U,0,U,0,U,0,U,0,U,0,U,0,U,0,U,0,U,0,U,0,U,0,U,0,U,0,U,0,U,0,U,0,U,0,U,0,U,0,U,0,U,0,U,0,U,0,U,0,U,0,U,0,U,0,U,0,U,0,U,0,U,0,U,0,U,0,U,0,U,0.27, ,0,U,0,U,0,U,0,U,0,U,0,U,0,U,0,U,0,U,0,U,0,U,0,U,0,U,0,U,0,U,4.29, ,0,U,0,U,0,U,0,U,0,U,0,U,0,U,0,U,0,U,0,U
1-Methylnaphthalene,0,U,0,U,0.17,J,0,U,0,U,0,U,0,U,0,U,0,U,0,U,0,U,0,U,0,U,0,U,0.09,J,0,U,0,U,0,U,0,U,0,U,0,U,0,U,0,U,0,U,0,U,0,U,0,U,0,U,0,U,0.2,J,0,U,0,U,0,U,0,U,0,U,0,U,0,U,0,U,0,U,0,U,0,U,0,U,0,U,0,U,0.39, ,0.48, ,0.32, ,0,U,0,U,0.21,J,0,U,0,U,0,U,0,U,0,U,0,U,0,U,0,U,0,U,0,U,0,U,0,U,0,U,0,U,0,U,0,U,0,U,0,U,0,U,0,U,0,U,0,U,0,U,0,U,0,U,0,U,0,U,0,U,0,U,0,U,0,U,0,U,0,U,0,U,0,U,0,U,0,U,0,U,0,U,0,U,0,U,0,U,0,U,0,U,0,U,0,U,0,U,0,U,0,U,0,U,0,U,0,U,0,U,0,U,0,U,0,U,0,U,0,U,0,U,0.66, ,0,U,0,U,0,U,0,U,0,U,0,U,0,U,0,U,0,U,0,U,0,U,0,U,0,U,0,U,0,U,3.17, ,0,U,0,U,0,U,0,U,0,U,0,U,0,U,0,U,0,U,0,U
"2,6-Dimethylnaphthalene",0,U,0,U,0,U,0,U,0,U,0,U,0,U,0,U,0,U,0,U,0,U,0,U,0,U,0,U,0,U,0,U,0,U,0,U,0,U,0,U,0,U,0,U,0,U,0,U,0,U,0,U,0,U,0,U,0,U,0,U,0,U,0,U,0,U,0,U,0,U,0,U,0,U,0,U,0,U,0,U,0,U,0,U,0,U,0,U,0,U,0,U,0,U,0,U,0,U,0,U,0,U,0,U,0,U,0,U,0,U,0,U,0,U,0,U,0,U,0,U,0,U,0,U,0,U,0,U,0,U,0,U,0,U,0,U,0,U,0,U,0,U,0,U,0,U,0,U,0,U,0,U,0,U,0,U,0,U,0,U,0,U,0,U,0,U,0,U,0,U,0,U,0,U,0,U,0,U,0,U,0,U,0,U,0,U,0,U,0,U,0,U,0,U,0,U,0,U,0,U,0,U,0,U,0,U,0,U,0,U,0,U,0,U,0,U,0,U,0,U,0,U,0,U,0,U,0,U,0,U,0,U,0,U,0,U,0,U,0,U,0,U,0,U,0,U,0,U,0,U,0,U,0,U,0,U,0,U,0,U,0,U,0,U,0,U,0,U,0,U,0,U
"1,6,7-Trimethylnaphthalene",0,U,0,U,0,U,0,U,0,U,0,U,0,U,0,U,0,U,0,U,0,U,0,U,0,U,0,U,0,U,0,U,0,U,0,U,0,U,0,U,0,U,0,U,0,U,0,U,0,U,0,U,0,U,0,U,0,U,0,U,0,U,0,U,0,U,0,U,0,U,0,U,0,U,0,U,0,U,0,U,0,U,0,U,0,U,0,U,0,U,0,U,0,U,0,U,0,U,0,U,0,U,0,U,0,U,0,U,0,U,0,U,0,U,0,U,0,U,0,U,0,U,0,U,0,U,0,U,0,U,0,U,0,U,0,U,0,U,0,U,0,U,0,U,0,U,0,U,0,U,0,U,0,U,0,U,0,U,0,U,0,U,0,U,0,U,0,U,0,U,0,U,0,U,0,U,0,U,0,U,0,U,0,U,0,U,0,U,0,U,0,U,0,U,0,U,0,U,0,U,0,U,0,U,0,U,0,U,0,U,0,U,0,U,0,U,0,U,0,U,0,U,0,U,0,U,0,U,0,U,0,U,0,U,0,U,0,U,0,U,0,U,0,U,0,U,0,U,0,U,0,U,0,U,0,U,0,U,0,U,0,U,0,U,0,U,0,U,0,U,0,U
1-Methylfluorene,0,U,0,U,0,U,0,U,0,U,0,U,0,U,0,U,0,U,0,U,0,U,0,U,0,U,0,U,0,U,0,U,0,U,0,U,0,U,0,U,0,U,0,U,0,U,0,U,0,U,0,U,0,U,0,U,0,U,0,U,0,U,0,U,0,U,0,U,0,U,0,U,0,U,0,U,0,U,0,U,0,U,0,U,0,U,0,U,0,U,0,U,0,U,0,U,0,U,0,U,0,U,0,U,0,U,0,U,0,U,0,U,0,U,0,U,0,U,0,U,0,U,0,U,0,U,0,U,0,U,0,U,0,U,0,U,0,U,0,U,0,U,0,U,0,U,0,U,0,U,0,U,0,U,0,U,0,U,0,U,0,U,0,U,0,U,0,U,0,U,0,U,0,U,0,U,0,U,0,U,0,U,0,U,0,U,0,U,0,U,0,U,0,U,0,U,0,U,0,U,0,U,0,U,0,U,0,U,0,U,0,U,0,U,0,U,0,U,0,U,0,U,0,U,0,U,0,U,0,U,0,U,0,U,0,U,0,U,0,U,0,U,0,U,0,U,0,U,0,U,0,U,0,U,0,U,0,U,0,U,0,U,0,U,0,U,0,U,0,U,0,U
4-Methyldibenzothiophene,0,U,0,U,0,U,0,U,0,U,0,U,0,U,0,U,0,U,0,U,0,U,0,U,0,U,0,U,0,U,0,U,0,U,0,U,0,U,0,U,0,U,0,U,0,U,0,U,0,U,0,U,0,U,0,U,0,U,0,U,0,U,0,U,0,U,0,U,0,U,0,U,0,U,0,U,0,U,0,U,0,U,0,U,0,U,0,U,0,U,0,U,0,U,0,U,0,U,0,U,0,U,0,U,0,U,0,U,0,U,0,U,0,U,0,U,0,U,0,U,0,U,0,U,0,U,0,U,0,U,0,U,0,U,0,U,0,U,0,U,0,U,0,U,0,U,0,U,0,U,0,U,0,U,0,U,0,U,0,U,0,U,0,U,0,U,0,U,0,U,0,U,0,U,0,U,0,U,0,U,0,U,0,U,0,U,0,U,0,U,0,U,0,U,0,U,0,U,0,U,0,U,0,U,0,U,0,U,0,U,0,U,0,U,0,U,0,U,0,U,0,U,0,U,0,U,0,U,0,U,0,U,0,U,0,U,0,U,0,U,0,U,0,U,0,U,0,U,0,U,0,U,0,U,0,U,0,U,0,U,0,U,0,U,0,U,0,U,0,U,0,U
2/3-Methyldibenzothiophene,0,U,0,U,0,U,0,U,0,U,0,U,0,U,0,U,0,U,0,U,0,U,0,U,0,U,0,U,0,U,0,U,0,U,0,U,0,U,0,U,0,U,0,U,0,U,0,U,0,U,0,U,0,U,0,U,0,U,0,U,0,U,0,U,0,U,0,U,0,U,0,U,0,U,0,U,0,U,0,U,0,U,0,U,0,U,0,U,0,U,0,U,0,U,0,U,0,U,0,U,0,U,0,U,0,U,0,U,0,U,0,U,0,U,0,U,0,U,0,U,0,U,0,U,0,U,0,U,0,U,0,U,0,U,0,U,0,U,0,U,0,U,0,U,0,U,0,U,0,U,0,U,0,U,0,U,0,U,0,U,0,U,0,U,0,U,0,U,0,U,0,U,0,U,0,U,0,U,0,U,0,U,0,U,0,U,0,U,0,U,0,U,0,U,0,U,0,U,0,U,0,U,0,U,0,U,0,U,0,U,0,U,0,U,0,U,0,U,0,U,0,U,0,U,0,U,0,U,0,U,0,U,0,U,0,U,0,U,0,U,0,U,0,U,0,U,0,U,0,U,0,U,0,U,0,U,0,U,0,U,0,U,0,U,0,U,0,U,0,U,0,U
1-Methyldibenzothiophene,0,U,0,U,0,U,0,U,0,U,0,U,0,U,0,U,0,U,0,U,0,U,0,U,0,U,0,U,0,U,0,U,0,U,0,U,0,U,0,U,0,U,0,U,0,U,0,U,0,U,0,U,0,U,0,U,0,U,0,U,0,U,0,U,0,U,0,U,0,U,0,U,0,U,0,U,0,U,0,U,0,U,0,U,0,U,0,U,0,U,0,U,0,U,0,U,0,U,0,U,0,U,0,U,0,U,0,U,0,U,0,U,0,U,0,U,0,U,0,U,0,U,0,U,0,U,0,U,0,U,0,U,0,U,0,U,0,U,0,U,0,U,0,U,0,U,0,U,0,U,0,U,0,U,0,U,0,U,0,U,0,U,0,U,0,U,0,U,0,U,0,U,0,U,0,U,0,U,0,U,0,U,0,U,0,U,0,U,0,U,0,U,0,U,0,U,0,U,0,U,0,U,0,U,0,U,0,U,0,U,0,U,0,U,0,U,0,U,0,U,0,U,0,U,0,U,0,U,0,U,0,U,0,U,0,U,0,U,0,U,0,U,0,U,0,U,0,U,0,U,0,U,0,U,0,U,0,U,0,U,0,U,0,U,0,U,0,U,0,U,0,U
3-Methylphenanthrene,0,U,0,U,0,U,0,U,0,U,0,U,0,U,0,U,0,U,0,U,0,U,0,U,0,U,0,U,0,U,0,U,0,U,0,U,0,U,0,U,0,U,0,U,0,U,0,U,0,U,0,U,0,U,0,U,0,U,0,U,0,U,0,U,0,U,0,U,0,U,0,U,0,U,0,U,0,U,0,U,0,U,0,U,0,U,0,U,0.57,J,0,U,0,U,0,U,0,U,0,U,0,U,0,U,0,U,0,U,0,U,0,U,0,U,0,U,0,U,0,U,0,U,0,U,0,U,0,U,0,U,0,U,0,U,0,U,0,U,0,U,0,U,0,U,0,U,0,U,0,U,0,U,0,U,0,U,0,U,0,U,0,U,0,U,0,U,0,U,0,U,0,U,0,U,0,U,0,U,0,U,0,U,0,U,0,U,0,U,0,U,0,U,0,U,0,U,0,U,0,U,0,U,0,U,0,U,0,U,0,U,0,U,0,U,0,U,0,U,0,U,0,U,0,U,0,U,0,U,0,U,0,U,0,U,0,U,0,U,0,U,0,U,0,U,0,U,0,U,0,U,0,U,0,U,0,U,0,U,0,U,0,U,0,U,0,U,0,U,0,U,0,U
2-Methylphenanthrene,0,U,0,U,0,U,0,U,0,U,0,U,0,U,0,U,0,U,0,U,0,U,0,U,0,U,0,U,0,U,0,U,0,U,0,U,0,U,0,U,0,U,0,U,0,U,0,U,0,U,0,U,0,U,0,U,0,U,0,U,0,U,0,U,0,U,0,U,0,U,0,U,0,U,0,U,0,U,0,U,0,U,0,U,0,U,0,U,0,U,0,U,0,U,0,U,0,U,0,U,0,U,0,U,0,U,0,U,0,U,0,U,0,U,0,U,0,U,0,U,0,U,0,U,0,U,0,U,0,U,0,U,0,U,0,U,0,U,0,U,0,U,0,U,0,U,0,U,0,U,0,U,0,U,0,U,0,U,0,U,0,U,0,U,0,U,0,U,0,U,0,U,0,U,0,U,0,U,0,U,0,U,0,U,0,U,0,U,0,U,0,U,0,U,0,U,0,U,0,U,0,U,0,U,0,U,0,U,0,U,0,U,0,U,0,U,0,U,0,U,0,U,0,U,0,U,0,U,0,U,0,U,0,U,0,U,0,U,0,U,0,U,0,U,0,U,0,U,0,U,0,U,0,U,0,U,0,U,0,U,0,U,0,U,0,U,0,U,0,U,0,U
2-Methylanthracene,0,U,0,U,0,U,0,U,0,U,0,U,0,U,0,U,0,U,0,U,0,U,0,U,0,U,0,U,0,U,0,U,0,U,0,U,0,U,0,U,0,U,0,U,0,U,0,U,0,U,0,U,0,U,0,U,0,U,0,U,0,U,0,U,0,U,0,U,0,U,0,U,0,U,0,U,0,U,0,U,0,U,0,U,0,U,0,U,0,U,0,U,0,U,0,U,0,U,0,U,0,U,0,U,0,U,0,U,0,U,0,U,0,U,0,U,0,U,0,U,0,U,0,U,0,U,0,U,0,U,0,U,0,U,0,U,0,U,0,U,0,U,0,U,0,U,0,U,0,U,0,U,0,U,0,U,0,U,0,U,0,U,0,U,0,U,0,U,0,U,0,U,0,U,0,U,0,U,0,U,0,U,0,U,0,U,0,U,0,U,0,U,0,U,0,U,0,U,0,U,0,U,0,U,0,U,0,U,0,U,0,U,0,U,0,U,0,U,0,U,0,U,0,U,0,U,0,U,0,U,0,U,0,U,0,U,0,U,0,U,0,U,0,U,0,U,0,U,0,U,0,U,0,U,0,U,0,U,0,U,0,U,0,U,0,U,0,U,0,U,0,U
4/9-Methylphenanthrene,0,U,0,U,0,U,0,U,0,U,0,U,0,U,0,U,0,U,0,U,0,U,0,U,0,U,0,U,0,U,0,U,0,U,0,U,0,U,0,U,0,U,0,U,0,U,0,U,0,U,0,U,0,U,0,U,0,U,0,U,0,U,0,U,0,U,0,U,0,U,0,U,0,U,0,U,0,U,0,U,0,U,0,U,0,U,0,U,0,U,0,U,0,U,0,U,0,U,0,U,0,U,0,U,0,U,0,U,0,U,0,U,0,U,0,U,0,U,0,U,0,U,0,U,0,U,0,U,0,U,0,U,0,U,0,U,0,U,0,U,0,U,0,U,0,U,0,U,0,U,0,U,0,U,0,U,0,U,0,U,0,U,0,U,0,U,0,U,0,U,0,U,0,U,0,U,0,U,0,U,0,U,0,U,0,U,0,U,0,U,0,U,0,U,0,U,0,U,0,U,0,U,0,U,0,U,0,U,0,U,0,U,0,U,0,U,0,U,0,U,0,U,0,U,0,U,0,U,0,U,0,U,0,U,0,U,0,U,0,U,0,U,0,U,0,U,0,U,0,U,0,U,0,U,0,U,0,U,0,U,0,U,0,U,0,U,0,U,0,U,0,U
1-Methylphenanthrene,0,U,0,U,0,U,0,U,0,U,0,U,0,U,0,U,0,U,0,U,0,U,0,U,0,U,0,U,0,U,0,U,0,U,0,U,0,U,0,U,0,U,0,U,0,U,0,U,0,U,0,U,0,U,0,U,0,U,0,U,0,U,0,U,0,U,0,U,0,U,0,U,0,U,0,U,0,U,0,U,0,U,0,U,0,U,0,U,0,U,0,U,0,U,0,U,0,U,0,U,0,U,0,U,0,U,0,U,0,U,0,U,0,U,0,U,0,U,0,U,0,U,0,U,0,U,0,U,0,U,0,U,0,U,0,U,0,U,0,U,0,U,0,U,0,U,0,U,0,U,0,U,0,U,0,U,0,U,0,U,0,U,0,U,0,U,0,U,0,U,0,U,0,U,0,U,0,U,0,U,0,U,0,U,0,U,0,U,0,U,0,U,0,U,0,U,0,U,0,U,0,U,0,U,0,U,0,U,0,U,0,U,0,U,0,U,0,U,0,U,0,U,0,U,0,U,0,U,0,U,0,U,0,U,0,U,0,U,0,U,0,U,0,U,0,U,0,U,0,U,0,U,0,U,0,U,0,U,0,U,0,U,0,U,0,U,0,U,0,U,0,U
"3,6-Dimethylphenanthrene",0,U,0,U,0,U,0,U,0,U,0,U,0,U,0,U,0,U,0,U,0,U,0,U,0,U,0,U,0,U,0,U,0,U,0,U,0,U,0,U,0,U,0,U,0,U,0,U,0,U,0,U,0,U,0,U,0,U,0,U,0,U,0,U,0,U,0,U,0,U,0,U,0,U,0,U,0,U,0,U,0,U,0,U,0,U,0,U,0,U,0,U,0,U,0,U,0,U,0,U,0,U,0,U,0,U,0,U,0,U,0,U,0,U,0,U,0,U,0,U,0,U,0,U,0,U,0,U,0,U,0,U,0,U,0,U,0,U,0,U,0,U,0,U,0,U,0,U,0,U,0,U,0,U,0,U,0,U,0,U,0,U,0,U,0,U,0,U,0,U,0,U,0,U,0,U,0,U,0,U,0,U,0,U,0,U,0,U,0,U,0,U,0,U,0,U,0,U,0,U,0,U,0,U,0,U,0,U,0,U,0,U,0,U,0,U,0,U,0,U,0,U,0,U,0,U,0,U,0,U,0,U,0,U,0,U,0,U,0,U,0,U,0,U,0,U,0,U,0,U,0,U,0,U,0,U,0,U,0,U,0,U,0,U,0,U,0,U,0,U,0,U
Retene,0,U,0,U,0,U,0,U,0,U,0,U,0,U,0,U,0,U,0,U,0,U,0,U,0,U,0,U,0,U,0,U,0,U,0,U,0,U,0,U,0,U,0,U,0,U,0,U,0,U,0,U,0,U,0,U,0,U,0,U,0,U,0,U,0,U,0,U,0,U,0,U,0,U,0,U,0,U,0,U,0,U,0,U,0,U,0,U,0,U,0,U,0,U,0,U,0,U,0,U,0,U,0,U,0,U,0,U,0,U,0,U,0,U,0,U,0,U,0,U,0,U,0,U,0,U,0,U,0,U,0,U,0,U,0,U,0,U,0,U,0,U,0,U,0,U,0,U,0,U,0,U,0,U,0,U,0,U,0,U,0,U,0,U,0,U,0,U,0,U,0,U,0,U,0,U,0,U,0,U,0,U,0,U,0,U,0,U,0,U,0,U,0,U,0,U,0,U,0,U,0,U,0,U,0,U,0,U,0,U,0,U,0,U,0,U,0,U,0,U,0,U,0,U,0,U,0,U,0,U,0,U,0,U,0,U,0,U,0,U,0,U,0,U,0,U,0,U,0,U,0,U,0,U,0,U,0,U,0,U,0,U,0,U,0,U,0,U,0,U,0,U
2-Methylfluoranthene,0,U,0.03,J,0,U,0,U,0,U,0,U,0,U,0,U,0,U,0,U,0,U,0,U,0,U,0,U,0,U,0,U,0,U,0,U,0,U,0,U,0,U,0,U,0,U,0,U,0,U,0,U,0,U,0,U,0,U,0,U,0,U,0,U,0,U,0,U,0,U,0,U,0,U,0,U,0,U,0,U,0,U,0,U,0,U,0,U,0,U,0,U,0,U,0,U,0,U,0,U,0,U,0,U,0,U,0,U,0,U,0,U,0,U,0,U,0,U,0,U,0,U,0,U,0,U,0,U,0,U,0,U,0,U,0,U,0,U,0,U,0,U,0,U,0,U,0,U,0,U,0,U,0,U,0,U,0,U,0,U,0,U,0,U,0,U,0,U,0,U,0,U,0,U,0,U,0,U,0,U,0,U,0,U,0,U,0,U,0,U,0,U,0,U,0,U,0,U,0,U,0,U,0,U,0,U,0,U,0,U,0,U,0,U,0,U,0,U,0,U,0,U,0,U,0,U,0,U,0,U,0,U,0,U,0,U,0,U,0,U,0,U,0,U,0,U,0,U,0,U,0,U,0,U,0,U,0,U,0,U,0,U,0,U,0,U,0,U,0,U,0,U
Benzo(b)fluorene,0,U,0.04,J,0,U,0,U,0,U,0,U,0,U,0,U,0,U,0,U,0,U,0,U,0,U,0,U,0,U,0,U,0,U,0,U,0,U,0,U,0,U,0,U,0,U,0,U,0,U,0,U,0,U,0,U,0,U,0,U,0,U,0,U,0,U,0,U,0,U,0,U,0,U,0,U,0,U,0,U,0,U,0,U,0,U,0,U,0,U,0,U,0,U,0,U,0,U,0,U,0,U,0,U,0,U,0,U,0,U,0,U,0,U,0,U,0,U,0,U,0,U,0,U,0,U,0,U,0,U,0,U,0,U,0,U,0,U,0,U,0,U,0,U,0,U,0,U,0,U,0,U,0,U,0,U,0,U,0,U,0,U,0,U,0,U,0,U,0,U,0,U,0,U,0,U,0,U,0,U,0,U,0,U,0,U,0,U,0,U,0,U,0,U,0,U,0,U,0,U,0,U,0,U,0,U,0,U,0,U,0,U,0,U,0,U,0,U,0,U,0,U,0,U,0,U,0,U,0,U,0,U,0,U,0,U,0,U,0,U,0,U,0,U,0,U,0,U,0,U,0,U,0,U,0,U,0,U,0,U,0,U,0,U,0,U,0,U,0,U,0,U
C29-Hopane,0,U,0,U,0,U,0,U,0,U,0,U,0,U,0,U,0,U,0,U,0,U,0,U,0,U,0,U,0,U,0,U,0,U,0,U,0,U,0,U,0,U,0,U,0,U,0,U,0,U,0,U,0,U,0,U,0,U,0,U,0,U,0,U,0,U,0,U,0,U,0,U,0,U,0,U,0,U,0,U,0,U,0,U,0,U,0,U,0,U,0,U,5.48, ,0,U,0,U,0,U,0,U,7.77, ,0,U,10.12, ,0,U,0,U,0,U,0,U,0,U,0,U,0,U,0,U,0,U,0,U,0,U,0,U,0,U,0,U,0,U,0,U,0,U,0,U,0,U,0,U,0,U,0,U,0,U,0,U,0,U,0,U,0,U,0,U,0,U,0,U,0,U,0,U,0,U,0,U,0,U,0,U,0,U,0,U,0,U,0,U,0,U,0,U,0,U,0,U,0,U,0,U,0,U,0,U,0,U,0,U,0,U,0,U,0,U,0,U,0,U,0,U,0,U,0,U,0,U,0,U,0,U,0,U,0,U,0,U,0,U,0,U,0,U,0,U,0,U,0,U,0,U,0,U,0,U,0,U,0,U,0,U,0,U,0,U,0,U,0,U,0,U,0,U
18a-Oleanane,0,U,0,U,0,U,0,U,0,U,0,U,0,U,0,U,0,U,0,U,0,U,0,U,0,U,0,U,0,U,0,U,0,U,0,U,0,U,0,U,0,U,0,U,0,U,0,U,0,U,0,U,0,U,0,U,0,U,0,U,0,U,0,U,0,U,0,U,0,U,0,U,0,U,0,U,0,U,0,U,0,U,0,U,0,U,0,U,0,U,0,U,0,U,0.61,J,0,U,0,U,0,U,0,U,0,U,0,U,0,U,0,U,0,U,0,U,0,U,0,U,0,U,0,U,0,U,0,U,0,U,0,U,0,U,0,U,0,U,0,U,0,U,0,U,0,U,0,U,0,U,0,U,0,U,0,U,0,U,0,U,0,U,0,U,0,U,0,U,0,U,0,U,0,U,0,U,0,U,0,U,0,U,0,U,0,U,0,U,0,U,0,U,0,U,0,U,0,U,0,U,0,U,0,U,0,U,0,U,0,U,0,U,0,U,0,U,0,U,0,U,0,U,0,U,0,U,0,U,0,U,0,U,0,U,0,U,0,U,0,U,0,U,0,U,0,U,0,U,0,U,0,U,0,U,0,U,0,U,0,U,0,U,0,U,0,U,0,U,0,U,0,U
C30-Hopane,0,U,0,U,0,U,0,U,0,U,0,U,0,U,0,U,0,U,0,U,0,U,0,U,0,U,0,U,0,U,0,U,0,U,0,U,0,U,0,U,0,U,0,U,0,U,0,U,0,U,0,U,0,U,0,U,0,U,0,U,0,U,0,U,0,U,0,U,0,U,0,U,0,U,0,U,0,U,0,U,0,U,0,U,0,U,0,U,0,U,0,U,5.53, ,0,U,0,U,0,U,0,U,7.84, ,0,U,9.24, ,0,U,0,U,0,U,0,U,0,U,0,U,0,U,0,U,0,U,0,U,0,U,0,U,0,U,0,U,0,U,0,U,0,U,0,U,0,U,0,U,0,U,0,U,0,U,0,U,0,U,0,U,0,U,0,U,0,U,0,U,0,U,0,U,0,U,0,U,0,U,0,U,0,U,0,U,0,U,0,U,0,U,0,U,0,U,0,U,0,U,0,U,0,U,0,U,0,U,0,U,0,U,0,U,0,U,0,U,0,U,0,U,0,U,0,U,0,U,0,U,0,U,0,U,0,U,0,U,0,U,0,U,0,U,0,U,0,U,0,U,0,U,0,U,0,U,0,U,0,U,0,U,0,U,0,U,0,U,0,U,0,U,0,U
C20-TAS,0,U,0,U,0,U,0,U,0,U,0,U,0,U,0,U,0,U,0,U,0,U,0,U,0,U,0,U,0,U,0,U,0,U,0,U,0,U,0,U,0,U,0,U,0,U,0,U,0,U,0,U,0,U,0,U,0,U,0,U,0,U,0,U,0,U,0,U,0,U,0,U,0,U,0,U,0,U,0,U,0,U,0,U,0,U,0,U,0,U,0,U,0,U,0,U,0,U,0,U,0,U,0,U,0,U,0,U,0,U,0,U,0,U,0,U,0,U,0,U,0,U,0,U,0,U,0,U,0,U,0,U,0,U,0,U,0,U,0,U,0,U,0,U,0,U,0,U,0,U,0,U,0,U,0,U,0,U,0,U,0,U,0,U,0,U,0,U,0,U,0,U,0,U,0,U,0,U,0,U,0,U,0,U,0,U,0,U,0,U,0,U,0,U,0,U,0,U,0,U,0,U,0,U,0,U,0,U,0,U,0,U,0,U,0,U,0,U,0,U,0,U,0,U,0,U,0,U,0,U,0,U,0,U,0,U,0,U,0,U,0,U,0,U,0,U,0,U,0,U,0,U,0,U,0,U,0,U,0,U,0,U,0,U,0,U,0,U,0,U,0,U
C21-TAS,0,U,0,U,0,U,0,U,0,U,0,U,0,U,0,U,0,U,0,U,0,U,0,U,0,U,0,U,0,U,0,U,0,U,0,U,0,U,0,U,0,U,0,U,0,U,0,U,0,U,0,U,0,U,0,U,0,U,0,U,0,U,0,U,0,U,0,U,0,U,0,U,0,U,0,U,0,U,0,U,0,U,0,U,0,U,0,U,0,U,0,U,0,U,0,U,0,U,0,U,0,U,0,U,0,U,0,U,0,U,0,U,0,U,0,U,0,U,0,U,0,U,0,U,0,U,0,U,0,U,0,U,0,U,0,U,0,U,0,U,0,U,0,U,0,U,0,U,0,U,0,U,0,U,0,U,0,U,0,U,0,U,0,U,0,U,0,U,0,U,0,U,0,U,0,U,0,U,0,U,0,U,0,U,0,U,0,U,0,U,0,U,0,U,0,U,0,U,0,U,0,U,0,U,0,U,0,U,0,U,0,U,0,U,0,U,0,U,0,U,0,U,0,U,0,U,0,U,0,U,0,U,0,U,0,U,0,U,0,U,0,U,0,U,0,U,0,U,0,U,0,U,0,U,0,U,0,U,0,U,0,U,0,U,0,U,0,U,0,U,0,U
C26(20S)-TAS,0,U,0,U,0,U,0,U,0,U,0,U,0,U,0,U,0,U,0,U,0,U,0,U,0,U,0,U,0,U,0,U,0,U,0,U,0,U,0,U,0,U,0,U,0,U,0,U,0,U,0,U,0,U,0,U,0,U,0,U,0,U,0,U,0,U,0,U,0,U,0,U,0,U,0,U,0,U,0,U,0,U,0,U,0,U,0,U,0,U,0,U,0,U,0,U,0,U,0,U,0,U,0,U,0,U,0,U,0,U,0,U,0,U,0,U,0,U,0,U,0,U,0,U,0,U,0,U,0,U,0,U,0,U,0,U,0,U,0,U,0,U,0,U,0,U,0,U,0,U,0,U,0,U,0,U,0,U,0,U,0,U,0,U,0,U,0,U,0,U,0,U,0,U,0,U,0,U,0,U,0,U,0,U,0,U,0,U,0,U,0,U,0,U,0,U,0,U,0,U,0,U,0,U,0,U,0,U,0,U,0,U,0,U,0,U,0,U,0,U,0,U,0,U,0,U,0,U,0,U,0,U,0,U,0,U,0,U,0,U,0,U,0,U,0,U,0,U,0,U,0,U,0,U,0,U,0,U,0,U,0,U,0,U,0,U,0,U,0,U,0,U
C26(20R)/C27(20S)-TAS,0,U,0,U,0,U,0,U,0,U,0,U,0,U,0,U,0,U,0,U,0,U,0,U,0,U,0,U,0,U,0,U,0,U,0,U,0,U,0,U,0,U,0,U,0,U,0,U,0,U,0,U,0,U,0,U,0,U,0,U,0,U,0,U,0,U,0,U,0,U,0,U,0,U,0,U,0,U,0,U,0,U,0,U,0,U,0,U,0,U,0,U,0,U,0,U,0,U,0,U,0,U,0,U,0,U,0,U,0,U,0,U,0,U,0,U,0,U,0,U,0,U,0,U,0,U,0,U,0,U,0,U,0,U,0,U,0,U,0,U,0,U,0,U,0,U,0,U,0,U,0,U,0,U,0,U,0,U,0,U,0,U,0,U,0,U,0,U,0,U,0,U,0,U,0,U,0,U,0,U,0,U,0,U,0,U,0,U,0,U,0,U,0,U,0,U,0,U,0,U,0,U,0,U,0,U,0,U,0,U,0,U,0,U,0,U,0,U,0,U,0,U,0,U,0,U,0,U,0,U,0,U,0,U,0,U,0,U,0,U,0,U,0,U,0,U,0,U,0,U,0,U,0,U,0,U,0,U,0,U,0,U,0,U,0,U,0,U,0,U,0,U
C28(20S)-TAS,0,U,0,U,0,U,0,U,0,U,0,U,0,U,0,U,0,U,0,U,0,U,0,U,0,U,0,U,0,U,0,U,0,U,0,U,0,U,0,U,0,U,0,U,0,U,0,U,0,U,0,U,0,U,0,U,0,U,0,U,0,U,0,U,0,U,0,U,0,U,0,U,0,U,0,U,0,U,0,U,0,U,0,U,0,U,0,U,0,U,0,U,0,U,0,U,0,U,0,U,0,U,0,U,0,U,0,U,0,U,0,U,0,U,0,U,0,U,0,U,0,U,0,U,0,U,0,U,0,U,0,U,0,U,0,U,0,U,0,U,0,U,0,U,0,U,0,U,0,U,0,U,0,U,0,U,0,U,0,U,0,U,0,U,0,U,0,U,0,U,0,U,0,U,0,U,0,U,0,U,0,U,0,U,0,U,0,U,0,U,0,U,0,U,0,U,0,U,0,U,0,U,0,U,0,U,0,U,0,U,0,U,0,U,0,U,0,U,0,U,0,U,0,U,0,U,0,U,0,U,0,U,0,U,0,U,0,U,0,U,0,U,0,U,0,U,0,U,0,U,0,U,0,U,0,U,0,U,0,U,0,U,0,U,0,U,0,U,0,U,0,U
C27(20R)-TAS,0,U,0,U,0,U,0,U,0,U,0,U,0,U,0,U,0,U,0,U,0,U,0,U,0,U,0,U,0,U,0,U,0,U,0,U,0,U,0,U,0,U,0,U,0,U,0,U,0,U,0,U,0,U,0,U,0,U,0,U,0,U,0,U,0,U,0,U,0,U,0,U,0,U,0,U,0,U,0,U,0,U,0,U,0,U,0,U,0,U,0,U,0,U,0,U,0,U,0,U,0,U,0,U,0,U,0,U,0,U,0,U,0,U,0,U,0,U,0,U,0,U,0,U,0,U,0,U,0,U,0,U,0,U,0,U,0,U,0,U,0,U,0,U,0,U,0,U,0,U,0,U,0,U,0,U,0,U,0,U,0,U,0,U,0,U,0,U,0,U,0,U,0,U,0,U,0,U,0,U,0,U,0,U,0,U,0,U,0,U,0,U,0,U,0,U,0,U,0,U,0,U,0,U,0,U,0,U,0,U,0,U,0,U,0,U,0,U,0,U,0,U,0,U,0,U,0,U,0,U,0,U,0,U,0,U,0,U,0,U,0,U,0,U,0,U,0,U,0,U,0,U,0,U,0,U,0,U,0,U,0,U,0,U,0,U,0,U,0,U,0,U
C28(20R)-TAS,0,U,0,U,0,U,0,U,0,U,0,U,0,U,0,U,0,U,0,U,0,U,0,U,0,U,0,U,0,U,0,U,0,U,0,U,0,U,0,U,0,U,0,U,0,U,0,U,0,U,0,U,0,U,0,U,0,U,0,U,0,U,0,U,0,U,0,U,0,U,0,U,0,U,0,U,0,U,0,U,0,U,0,U,0,U,0,U,0,U,0,U,0,U,0,U,0,U,0,U,0,U,0,U,0,U,0,U,0,U,0,U,0,U,0,U,0,U,0,U,0,U,0,U,0,U,0,U,0,U,0,U,0,U,0,U,0,U,0,U,0,U,0,U,0,U,0,U,0,U,0,U,0,U,0,U,0,U,0,U,0,U,0,U,0,U,0,U,0,U,0,U,0,U,0,U,0,U,0,U,0,U,0,U,0,U,0,U,0,U,0,U,0,U,0,U,0,U,0,U,0,U,0,U,0,U,0,U,0,U,0,U,0,U,0,U,0,U,0,U,0,U,0,U,0,U,0,U,0,U,0,U,0,U,0,U,0,U,0,U,0,U,0,U,0,U,0,U,0,U,0,U,0,U,0,U,0,U,0,U,0,U,0,U,0,U,0,U,0,U,0,U
,,,,,,,,,,,,,,,,,,,,,,,,,,,,,,,,,,,,,,,,,,,,,,,,,,,,,,,,,,,,,,,,,,,,,,,,,,,,,,,,,,,,,,,,,,,,,,,,,,,,,,,,,,,,,,,,,,,,,,,,,,,,,,,,,,,,,,,,,,,,,,,,,,,,,,,,,,,,,,,,,,,,,,,,,,,,,,,,,,,,,,,,,,,,,,,,,,,,,,,,,,,,,,,,,,,,,,,,,,,,,,,,,,,,,,,,,,,,,,,,,,,,,,,,,,,,,,,,,,,,,,,,,,,,,,,,
,,,,,,,,,,,,,,,,,,,,,,,,,,,,,,,,,,,,,,,,,,,,,,,,,,,,,,,,,,,,,,,,,,,,,,,,,,,,,,,,,,,,,,,,,,,,,,,,,,,,,,,,,,,,,,,,,,,,,,,,,,,,,,,,,,,,,,,,,,,,,,,,,,,,,,,,,,,,,,,,,,,,,,,,,,,,,,,,,,,,,,,,,,,,,,,,,,,,,,,,,,,,,,,,,,,,,,,,,,,,,,,,,,,,,,,,,,,,,,,,,,,,,,,,,,,,,,,,,,,,,,,,,,,,,,,,
Surrogate Standards,,,,,,,,,,,,,,,,,,,,,,,,,,,,,,,,,,,,,,,,,,,,,,,,,,,,,,,,,,,,,,,,,,,,,,,,,,,,,,,,,,,,,,,,,,,,,,,,,,,,,,,,,,,,,,,,,,,,,,,,,,,,,,,,,,,,,,,,,,,,,,,,,,,,,,,,,,,,,,,,,,,,,,,,,,,,,,,,,,,,,,,,,,,,,,,,,,,,,,,,,,,,,,,,,,,,,,,,,,,,,,,,,,,,,,,,,,,,,,,,,,,,,,,,,,,,,,,,,,,,,,,,,,,,,,,,
,,,,,,,,,,,,,,,,,,,,,,,,,,,,,,,,,,,,,,,,,,,,,,,,,,,,,,,,,,,,,,,,,,,,,,,,,,,,,,,,,,,,,,,,,,,,,,,,,,,,,,,,,,,,,,,,,,,,,,,,,,,,,,,,,,,,,,,,,,,,,,,,,,,,,,,,,,,,,,,,,,,,,,,,,,,,,,,,,,,,,,,,,,,,,,,,,,,,,,,,,,,,,,,,,,,,,,,,,,,,,,,,,,,,,,,,,,,,,,,,,,,,,,,,,,,,,,,,,,,,,,,,,,,,,,,,
Naphthalene-d8,63,,51,,66,,76,,70,,66,,60,,75,,68,,73,,67,,74,,76,,74,,72,,75,,69,,64,,65,,69,,75,,65,,75,,71,,68,,72,,65,,75,,73,,76,,69,,66,,69,,70,,71,,71,,68,,66,,66,,66,,65,,64,,63,,62,,64,,64,,63,,63,,62,,64,,64,,62,,56,,54,,72,,70,,73,,72,,72,,68,,55,,62,,70,,62,,65,,60,,71,,72,,74,,77,,72,,71,,63,,57,,64,,65,,68,,62,,61,,65,,59,,62,,68,,70,,66,,67,,64,,59,,57,,58,,70,,64,,64,,61,,64,,67,,68,,58,,71,,56,,59,,64,,68,,80,,67,,68,,69,,67,,69,,69,,64,,68,,60,,70,,66,,71,,64,,68,,61,,63,,67,,65,,70,,68,,70,,65,,58,,65,,66,,69,,66,,68,,50,,66,,64,,70,
Acenaphthene-d10,73,,61,,71,,80,,76,,74,,67,,79,,76,,78,,78,,80,,80,,79,,78,,78,,77,,62,,70,,74,,79,,70,,78,,78,,72,,79,,73,,84,,81,,85,,77,,76,,79,,76,,79,,76,,71,,72,,68,,71,,67,,68,,70,,74,,80,,76,,72,,74,,69,,70,,75,,69,,66,,62,,76,,78,,74,,79,,75,,75,,59,,73,,78,,68,,71,,67,,80,,79,,76,,88,,82,,81,,71,,62,,68,,71,,71,,68,,78,,75,,69,,78,,76,,75,,76,,76,,71,,66,,65,,71,,75,,71,,68,,67,,70,,75,,77,,62,,79,,68,,72,,72,,76,,86,,76,,75,,76,,75,,75,,76,,66,,73,,62,,77,,72,,76,,72,,74,,69,,70,,74,,73,,77,,73,,77,,73,,67,,72,,74,,77,,77,,74,,60,,72,,70,,77,
Phenanthrene-d10,79,,68,,84,,83,,77,,78,,78,,84,,83,,81,,87,,86,,87,,80,,83,,84,,85,,70,,75,,74,,83,,73,,82,,82,,75,,84,,79,,91,,88,,91,,88,,85,,86,,81,,82,,83,,75,,74,,68,,72,,69,,70,,74,,80,,78,,77,,72,,74,,71,,73,,76,,67,,69,,63,,74,,76,,72,,81,,74,,78,,61,,80,,81,,74,,76,,76,,82,,80,,78,,89,,83,,82,,77,,65,,69,,70,,68,,71,,77,,79,,76,,77,,80,,78,,81,,80,,76,,69,,68,,72,,75,,74,,69,,69,,71,,79,,81,,64,,81,,69,,73,,75,,82,,85,,77,,73,,76,,77,,74,,77,,67,,72,,61,,78,,77,,77,,72,,74,,73,,70,,75,,75,,77,,73,,79,,74,,70,,74,,76,,78,,79,,74,,62,,72,,72,,78,
Chrysene-d12,67,,62,,77,,77,,74,,74,,73,,77,,75,,76,,79,,79,,79,,73,,75,,76,,78,,71,,74,,74,,79,,68,,78,,79,,70,,78,,74,,86,,82,,84,,84,,80,,82,,79,,76,,80,,71,,72,,65,,68,,66,,66,,72,,66,,78,,77,,73,,75,,71,,77,,76,,66,,73,,61,,72,,74,,71,,76,,73,,73,,59,,76,,78,,75,,74,,73,,76,,76,,76,,83,,78,,81,,70,,60,,65,,62,,61,,67,,74,,73,,69,,70,,74,,69,,71,,71,,67,,62,,59,,67,,67,,67,,62,,64,,64,,71,,71,,55,,72,,63,,67,,71,,72,,79,,70,,66,,69,,71,,67,,71,,64,,66,,58,,70,,72,,72,,64,,68,,68,,64,,69,,67,,68,,69,,73,,67,,64,,66,,70,,70,,71,,68,,59,,68,,69,,70,
Perylene-d12,32,,56,,18,,21,,49,,10,,30,,11,,23,,39,,24,,18,,14,,29,,11,,24,,19,,36,,31,,63,,69,,55,,65,,67,,60,,61,,48,,70,,61,,69,,60,,63,,66,,65,,53,,44,,57,,60,,60,,48,,58,,48,,46,,58,,68,,63,,49,,53,,42,,62,,55,,40,,39,,52,,69,,72,,55,,71,,63,,64,,52,,70,,68,,51,,43,,48,,71,,70,,60,,72,,67,,67,,61,,44,,63,,59,,59,,48,,72,,67,,51,,64,,69,,46,,55,,62,,44,,42,,42,,53,,61,,62,,40,,27,,14,,22,,72,,48,,78,,64,,67,,55,,78,,84,,60,,56,,58,,61,,62,,66,,60,,45,,46,,57,,72,,71,,65,,69,,59,,57,,63,,62,,65,,69,,55,,64,,53,,63,,73,,73,,49,,71,,44,,43,,64,,64,